Data e Hora;Nome do Usuįrio
22/05/2026 08:25;ACVOLIVEIRA
22/05/2026 08:43;ACVOLIVEIRA
22/05/2026 08:14;ACVOLIVEIRA
22/05/2026 08:23;ACVOLIVEIRA
22/05/2026 08:37;ACVOLIVEIRA
22/05/2026 09:46;ACVOLIVEIRA
22/05/2026 08:46;ACVOLIVEIRA
22/05/2026 08:30;ACVOLIVEIRA
22/05/2026 08:06;ACVOLIVEIRA
22/05/2026 08:20;ACVOLIVEIRA
22/05/2026 11:28;KBSANTOS
22/05/2026 09:50;KBSANTOS
22/05/2026 09:33;KBSANTOS
22/05/2026 09:44;KBSANTOS
22/05/2026 09:52;BCOSTA
22/05/2026 09:45;BCOSTA
22/05/2026 09:33;BCOSTA
22/05/2026 13:38;LUALIMA
22/05/2026 09:54;JOAO.CONTRI
22/05/2026 10:46;JOAO.CONTRI
22/05/2026 10:46;JOAO.CONTRI
22/05/2026 10:46;JOAO.CONTRI
22/05/2026 10:27;JOAO.CONTRI
22/05/2026 10:27;JOAO.CONTRI
22/05/2026 10:27;JOAO.CONTRI
22/05/2026 10:54;JOAO.CONTRI
22/05/2026 10:27;JOAO.CONTRI
22/05/2026 10:27;JOAO.CONTRI
22/05/2026 09:19;JOAO.CONTRI
22/05/2026 09:19;JOAO.CONTRI
22/05/2026 09:09;JOAO.CONTRI
22/05/2026 09:09;JOAO.CONTRI
22/05/2026 09:10;JOAO.CONTRI
22/05/2026 09:10;JOAO.CONTRI
22/05/2026 09:10;JOAO.CONTRI
22/05/2026 09:10;JOAO.CONTRI
22/05/2026 10:01;JOAO.CONTRI
22/05/2026 10:01;JOAO.CONTRI
22/05/2026 10:01;JOAO.CONTRI
22/05/2026 10:02;JOAO.CONTRI
22/05/2026 10:02;JOAO.CONTRI
22/05/2026 10:02;JOAO.CONTRI
22/05/2026 09:53;JOAO.CONTRI
22/05/2026 09:53;JOAO.CONTRI
22/05/2026 09:54;JOAO.CONTRI
22/05/2026 09:54;JOAO.CONTRI
22/05/2026 09:54;JOAO.CONTRI
22/05/2026 09:54;JOAO.CONTRI
22/05/2026 09:54;JOAO.CONTRI
22/05/2026 09:09;JOAO.CONTRI
22/05/2026 09:09;JOAO.CONTRI
22/05/2026 09:09;JOAO.CONTRI
22/05/2026 09:09;JOAO.CONTRI
22/05/2026 09:09;JOAO.CONTRI
22/05/2026 09:09;JOAO.CONTRI
22/05/2026 09:09;JOAO.CONTRI
22/05/2026 09:54;JOAO.CONTRI
22/05/2026 10:03;JOAO.CONTRI
22/05/2026 09:09;JOAO.CONTRI
22/05/2026 10:22;JOAO.CONTRI
22/05/2026 10:22;JOAO.CONTRI
22/05/2026 10:23;JOAO.CONTRI
22/05/2026 10:23;JOAO.CONTRI
22/05/2026 10:23;JOAO.CONTRI
22/05/2026 10:23;JOAO.CONTRI
22/05/2026 10:33;JOAO.CONTRI
22/05/2026 10:34;JOAO.CONTRI
22/05/2026 10:34;JOAO.CONTRI
22/05/2026 10:34;JOAO.CONTRI
22/05/2026 10:34;JOAO.CONTRI
22/05/2026 10:34;JOAO.CONTRI
22/05/2026 10:34;JOAO.CONTRI
22/05/2026 09:10;JOAO.CONTRI
22/05/2026 09:10;JOAO.CONTRI
22/05/2026 09:10;JOAO.CONTRI
22/05/2026 09:21;JOAO.CONTRI
22/05/2026 09:21;JOAO.CONTRI
22/05/2026 09:21;JOAO.CONTRI
22/05/2026 09:21;JOAO.CONTRI
22/05/2026 09:21;JOAO.CONTRI
22/05/2026 09:21;JOAO.CONTRI
22/05/2026 09:21;JOAO.CONTRI
22/05/2026 09:21;JOAO.CONTRI
22/05/2026 09:53;JOAO.CONTRI
22/05/2026 09:54;JOAO.CONTRI
22/05/2026 10:22;JOAO.CONTRI
22/05/2026 10:23;JOAO.CONTRI
22/05/2026 10:23;JOAO.CONTRI
22/05/2026 10:23;JOAO.CONTRI
22/05/2026 10:23;JOAO.CONTRI
22/05/2026 09:53;JOAO.CONTRI
22/05/2026 09:53;JOAO.CONTRI
22/05/2026 09:53;JOAO.CONTRI
22/05/2026 09:54;JOAO.CONTRI
22/05/2026 09:54;JOAO.CONTRI
22/05/2026 09:54;JOAO.CONTRI
22/05/2026 09:54;JOAO.CONTRI
22/05/2026 09:54;JOAO.CONTRI
22/05/2026 09:43;JOAO.CONTRI
22/05/2026 09:43;JOAO.CONTRI
22/05/2026 09:43;JOAO.CONTRI
22/05/2026 09:43;JOAO.CONTRI
22/05/2026 09:19;JOAO.CONTRI
22/05/2026 09:19;JOAO.CONTRI
22/05/2026 09:19;JOAO.CONTRI
22/05/2026 09:19;JOAO.CONTRI
22/05/2026 09:19;JOAO.CONTRI
22/05/2026 09:46;JOAO.CONTRI
22/05/2026 09:46;JOAO.CONTRI
22/05/2026 09:46;JOAO.CONTRI
22/05/2026 09:21;JOAO.CONTRI
22/05/2026 09:21;JOAO.CONTRI
22/05/2026 09:45;JOAO.CONTRI
22/05/2026 09:46;JOAO.CONTRI
22/05/2026 09:46;JOAO.CONTRI
22/05/2026 09:46;JOAO.CONTRI
22/05/2026 09:46;JOAO.CONTRI
22/05/2026 09:46;JOAO.CONTRI
22/05/2026 09:46;JOAO.CONTRI
22/05/2026 09:46;JOAO.CONTRI
22/05/2026 09:54;JOAO.CONTRI
22/05/2026 10:46;JOAO.CONTRI
22/05/2026 10:46;JOAO.CONTRI
22/05/2026 10:46;JOAO.CONTRI
22/05/2026 10:47;JOAO.CONTRI
22/05/2026 10:47;JOAO.CONTRI
22/05/2026 10:47;JOAO.CONTRI
22/05/2026 10:47;JOAO.CONTRI
22/05/2026 10:56;JOAO.CONTRI
22/05/2026 10:56;JOAO.CONTRI
22/05/2026 10:56;JOAO.CONTRI
22/05/2026 10:56;JOAO.CONTRI
22/05/2026 10:56;JOAO.CONTRI
22/05/2026 10:57;JOAO.CONTRI
22/05/2026 10:57;JOAO.CONTRI
22/05/2026 09:43;JOAO.CONTRI
22/05/2026 09:45;JOAO.CONTRI
22/05/2026 10:36;JOAO.CONTRI
22/05/2026 10:36;JOAO.CONTRI
22/05/2026 10:37;JOAO.CONTRI
22/05/2026 10:37;JOAO.CONTRI
22/05/2026 10:37;JOAO.CONTRI
22/05/2026 10:37;JOAO.CONTRI
22/05/2026 10:37;JOAO.CONTRI
22/05/2026 10:37;JOAO.CONTRI
22/05/2026 10:37;JOAO.CONTRI
22/05/2026 10:46;JOAO.CONTRI
22/05/2026 10:46;JOAO.CONTRI
22/05/2026 10:47;JOAO.CONTRI
22/05/2026 10:47;JOAO.CONTRI
22/05/2026 10:47;JOAO.CONTRI
22/05/2026 10:46;JOAO.CONTRI
22/05/2026 10:47;JOAO.CONTRI
22/05/2026 10:57;JOAO.CONTRI
22/05/2026 10:57;JOAO.CONTRI
22/05/2026 10:56;JOAO.CONTRI
22/05/2026 10:46;JOAO.CONTRI
22/05/2026 10:46;JOAO.CONTRI
22/05/2026 10:46;JOAO.CONTRI
22/05/2026 09:43;JOAO.CONTRI
22/05/2026 09:43;JOAO.CONTRI
22/05/2026 09:43;JOAO.CONTRI
22/05/2026 09:09;JOAO.CONTRI
22/05/2026 09:10;JOAO.CONTRI
22/05/2026 09:09;JOAO.CONTRI
22/05/2026 09:10;JOAO.CONTRI
22/05/2026 10:33;JOAO.CONTRI
22/05/2026 10:33;JOAO.CONTRI
22/05/2026 10:33;JOAO.CONTRI
22/05/2026 10:33;JOAO.CONTRI
22/05/2026 10:23;JOAO.CONTRI
22/05/2026 10:23;JOAO.CONTRI
22/05/2026 10:23;JOAO.CONTRI
22/05/2026 10:24;JOAO.CONTRI
22/05/2026 10:24;JOAO.CONTRI
22/05/2026 10:24;JOAO.CONTRI
22/05/2026 10:24;JOAO.CONTRI
22/05/2026 10:24;JOAO.CONTRI
22/05/2026 10:33;JOAO.CONTRI
22/05/2026 10:34;JOAO.CONTRI
22/05/2026 10:34;JOAO.CONTRI
22/05/2026 10:34;JOAO.CONTRI
22/05/2026 10:34;JOAO.CONTRI
22/05/2026 10:34;JOAO.CONTRI
22/05/2026 10:01;JOAO.CONTRI
22/05/2026 10:01;JOAO.CONTRI
22/05/2026 10:01;JOAO.CONTRI
22/05/2026 10:01;JOAO.CONTRI
22/05/2026 10:01;JOAO.CONTRI
22/05/2026 10:01;JOAO.CONTRI
22/05/2026 10:54;JOAO.CONTRI
22/05/2026 10:54;JOAO.CONTRI
22/05/2026 10:54;JOAO.CONTRI
22/05/2026 10:54;JOAO.CONTRI
22/05/2026 10:01;JOAO.CONTRI
22/05/2026 10:02;JOAO.CONTRI
22/05/2026 10:02;JOAO.CONTRI
22/05/2026 10:02;JOAO.CONTRI
22/05/2026 10:33;JOAO.CONTRI
22/05/2026 10:33;JOAO.CONTRI
22/05/2026 10:34;JOAO.CONTRI
22/05/2026 10:34;JOAO.CONTRI
22/05/2026 10:34;JOAO.CONTRI
22/05/2026 10:34;JOAO.CONTRI
22/05/2026 10:57;JOAO.CONTRI
22/05/2026 10:57;JOAO.CONTRI
22/05/2026 10:37;JOAO.CONTRI
22/05/2026 10:57;JOAO.CONTRI
22/05/2026 10:57;JOAO.CONTRI
22/05/2026 10:57;JOAO.CONTRI
22/05/2026 10:02;JOAO.CONTRI
22/05/2026 10:02;JOAO.CONTRI
22/05/2026 10:03;JOAO.CONTRI
22/05/2026 09:59;JOAO.CONTRI
22/05/2026 10:34;JOAO.CONTRI
22/05/2026 09:58;JOAO.CONTRI
22/05/2026 10:23;JOAO.CONTRI
22/05/2026 10:34;JOAO.CONTRI
22/05/2026 09:47;JOSE.JUNIOR
22/05/2026 09:47;JOSE.JUNIOR
22/05/2026 09:47;JOSE.JUNIOR
22/05/2026 09:47;JOSE.JUNIOR
22/05/2026 09:54;JOSE.JUNIOR
22/05/2026 09:54;JOSE.JUNIOR
22/05/2026 11:05;JOSE.JUNIOR
22/05/2026 09:51;JOSE.JUNIOR
22/05/2026 09:51;JOSE.JUNIOR
22/05/2026 10:28;JOSE.JUNIOR
22/05/2026 10:28;JOSE.JUNIOR
22/05/2026 10:28;JOSE.JUNIOR
22/05/2026 10:28;JOSE.JUNIOR
22/05/2026 12:49;JOSE.JUNIOR
22/05/2026 12:49;JOSE.JUNIOR
22/05/2026 09:52;JOSE.JUNIOR
22/05/2026 09:52;JOSE.JUNIOR
22/05/2026 09:52;JOSE.JUNIOR
22/05/2026 09:52;JOSE.JUNIOR
22/05/2026 10:19;JOSE.JUNIOR
22/05/2026 10:19;JOSE.JUNIOR
22/05/2026 10:20;JOSE.JUNIOR
22/05/2026 10:20;JOSE.JUNIOR
22/05/2026 10:17;JOSE.JUNIOR
22/05/2026 10:18;JOSE.JUNIOR
22/05/2026 10:18;JOSE.JUNIOR
22/05/2026 10:18;JOSE.JUNIOR
22/05/2026 10:18;JOSE.JUNIOR
22/05/2026 10:18;JOSE.JUNIOR
22/05/2026 10:18;JOSE.JUNIOR
22/05/2026 10:18;JOSE.JUNIOR
22/05/2026 09:56;JOSE.JUNIOR
22/05/2026 09:47;JOSE.JUNIOR
22/05/2026 09:47;JOSE.JUNIOR
22/05/2026 09:47;JOSE.JUNIOR
22/05/2026 09:48;JOSE.JUNIOR
22/05/2026 09:48;JOSE.JUNIOR
22/05/2026 09:12;JOSE.JUNIOR
22/05/2026 09:12;JOSE.JUNIOR
22/05/2026 09:12;JOSE.JUNIOR
22/05/2026 09:12;JOSE.JUNIOR
22/05/2026 09:12;JOSE.JUNIOR
22/05/2026 09:12;JOSE.JUNIOR
22/05/2026 09:12;JOSE.JUNIOR
22/05/2026 09:12;JOSE.JUNIOR
22/05/2026 09:12;JOSE.JUNIOR
22/05/2026 09:12;JOSE.JUNIOR
22/05/2026 10:48;JOSE.JUNIOR
22/05/2026 10:48;JOSE.JUNIOR
22/05/2026 10:48;JOSE.JUNIOR
22/05/2026 10:48;JOSE.JUNIOR
22/05/2026 10:49;JOSE.JUNIOR
22/05/2026 10:49;JOSE.JUNIOR
22/05/2026 10:49;JOSE.JUNIOR
22/05/2026 10:51;JOSE.JUNIOR
22/05/2026 10:51;JOSE.JUNIOR
22/05/2026 09:11;JOSE.JUNIOR
22/05/2026 09:11;JOSE.JUNIOR
22/05/2026 09:11;JOSE.JUNIOR
22/05/2026 09:51;JOSE.JUNIOR
22/05/2026 09:51;JOSE.JUNIOR
22/05/2026 09:51;JOSE.JUNIOR
22/05/2026 09:52;JOSE.JUNIOR
22/05/2026 09:52;JOSE.JUNIOR
22/05/2026 09:54;JOSE.JUNIOR
22/05/2026 09:54;JOSE.JUNIOR
22/05/2026 09:54;JOSE.JUNIOR
22/05/2026 09:20;JOSE.JUNIOR
22/05/2026 09:20;JOSE.JUNIOR
22/05/2026 09:20;JOSE.JUNIOR
22/05/2026 09:20;JOSE.JUNIOR
22/05/2026 09:20;JOSE.JUNIOR
22/05/2026 09:41;JOSE.JUNIOR
22/05/2026 09:41;JOSE.JUNIOR
22/05/2026 09:41;JOSE.JUNIOR
22/05/2026 09:39;JOSE.JUNIOR
22/05/2026 09:35;JOSE.JUNIOR
22/05/2026 09:35;JOSE.JUNIOR
22/05/2026 09:35;JOSE.JUNIOR
22/05/2026 09:35;JOSE.JUNIOR
22/05/2026 09:35;JOSE.JUNIOR
22/05/2026 09:35;JOSE.JUNIOR
22/05/2026 09:35;JOSE.JUNIOR
22/05/2026 09:51;JOSE.JUNIOR
22/05/2026 09:51;JOSE.JUNIOR
22/05/2026 09:51;JOSE.JUNIOR
22/05/2026 09:51;JOSE.JUNIOR
22/05/2026 09:51;JOSE.JUNIOR
22/05/2026 09:51;JOSE.JUNIOR
22/05/2026 09:51;JOSE.JUNIOR
22/05/2026 09:51;JOSE.JUNIOR
22/05/2026 09:51;JOSE.JUNIOR
22/05/2026 09:51;JOSE.JUNIOR
22/05/2026 09:51;JOSE.JUNIOR
22/05/2026 09:51;JOSE.JUNIOR
22/05/2026 13:41;JOSE.JUNIOR
22/05/2026 09:52;JOSE.JUNIOR
22/05/2026 09:52;JOSE.JUNIOR
22/05/2026 09:41;JOSE.JUNIOR
22/05/2026 09:41;JOSE.JUNIOR
22/05/2026 09:42;JOSE.JUNIOR
22/05/2026 09:42;JOSE.JUNIOR
22/05/2026 09:42;JOSE.JUNIOR
22/05/2026 09:42;JOSE.JUNIOR
22/05/2026 09:52;JOSE.JUNIOR
22/05/2026 10:43;JOSE.JUNIOR
22/05/2026 09:52;JOSE.JUNIOR
22/05/2026 11:02;JOSE.JUNIOR
22/05/2026 11:02;JOSE.JUNIOR
22/05/2026 11:02;JOSE.JUNIOR
22/05/2026 11:03;JOSE.JUNIOR
22/05/2026 11:03;JOSE.JUNIOR
22/05/2026 11:03;JOSE.JUNIOR
22/05/2026 11:03;JOSE.JUNIOR
22/05/2026 09:54;JOSE.JUNIOR
22/05/2026 09:54;JOSE.JUNIOR
22/05/2026 09:54;JOSE.JUNIOR
22/05/2026 09:54;JOSE.JUNIOR
22/05/2026 09:54;JOSE.JUNIOR
22/05/2026 09:42;JOSE.JUNIOR
22/05/2026 12:39;JOSE.JUNIOR
22/05/2026 12:39;JOSE.JUNIOR
22/05/2026 12:49;JOSE.JUNIOR
22/05/2026 12:39;JOSE.JUNIOR
22/05/2026 12:39;JOSE.JUNIOR
22/05/2026 12:40;JOSE.JUNIOR
22/05/2026 12:40;JOSE.JUNIOR
22/05/2026 12:40;JOSE.JUNIOR
22/05/2026 12:40;JOSE.JUNIOR
22/05/2026 12:40;JOSE.JUNIOR
22/05/2026 12:40;JOSE.JUNIOR
22/05/2026 12:40;JOSE.JUNIOR
22/05/2026 12:40;JOSE.JUNIOR
22/05/2026 12:42;JOSE.JUNIOR
22/05/2026 12:49;JOSE.JUNIOR
22/05/2026 12:49;JOSE.JUNIOR
22/05/2026 12:50;JOSE.JUNIOR
22/05/2026 12:50;JOSE.JUNIOR
22/05/2026 12:50;JOSE.JUNIOR
22/05/2026 12:50;JOSE.JUNIOR
22/05/2026 12:50;JOSE.JUNIOR
22/05/2026 12:50;JOSE.JUNIOR
22/05/2026 13:21;JOSE.JUNIOR
22/05/2026 13:21;JOSE.JUNIOR
22/05/2026 13:21;JOSE.JUNIOR
22/05/2026 13:21;JOSE.JUNIOR
22/05/2026 13:45;JOSE.JUNIOR
22/05/2026 13:46;JOSE.JUNIOR
22/05/2026 13:46;JOSE.JUNIOR
22/05/2026 13:42;JOSE.JUNIOR
22/05/2026 13:42;JOSE.JUNIOR
22/05/2026 13:42;JOSE.JUNIOR
22/05/2026 13:21;JOSE.JUNIOR
22/05/2026 13:21;JOSE.JUNIOR
22/05/2026 13:21;JOSE.JUNIOR
22/05/2026 13:21;JOSE.JUNIOR
22/05/2026 09:19;JOSE.JUNIOR
22/05/2026 09:19;JOSE.JUNIOR
22/05/2026 09:19;JOSE.JUNIOR
22/05/2026 09:35;JOSE.JUNIOR
22/05/2026 09:35;JOSE.JUNIOR
22/05/2026 09:35;JOSE.JUNIOR
22/05/2026 09:20;JOSE.JUNIOR
22/05/2026 09:35;JOSE.JUNIOR
22/05/2026 09:20;JOSE.JUNIOR
22/05/2026 09:20;JOSE.JUNIOR
22/05/2026 09:20;JOSE.JUNIOR
22/05/2026 09:11;JOSE.JUNIOR
22/05/2026 09:11;JOSE.JUNIOR
22/05/2026 09:11;JOSE.JUNIOR
22/05/2026 09:11;JOSE.JUNIOR
22/05/2026 09:12;JOSE.JUNIOR
22/05/2026 09:12;JOSE.JUNIOR
22/05/2026 09:12;JOSE.JUNIOR
22/05/2026 09:56;JOSE.JUNIOR
22/05/2026 09:51;JOSE.JUNIOR
22/05/2026 09:51;JOSE.JUNIOR
22/05/2026 09:51;JOSE.JUNIOR
22/05/2026 10:58;JOSE.JUNIOR
22/05/2026 11:00;JOSE.JUNIOR
22/05/2026 11:00;JOSE.JUNIOR
22/05/2026 10:56;JOSE.JUNIOR
22/05/2026 10:56;JOSE.JUNIOR
22/05/2026 10:56;JOSE.JUNIOR
22/05/2026 10:57;JOSE.JUNIOR
22/05/2026 10:57;JOSE.JUNIOR
22/05/2026 10:57;JOSE.JUNIOR
22/05/2026 11:05;JOSE.JUNIOR
22/05/2026 11:05;JOSE.JUNIOR
22/05/2026 11:00;JOSE.JUNIOR
22/05/2026 11:05;JOSE.JUNIOR
22/05/2026 11:05;JOSE.JUNIOR
22/05/2026 11:05;JOSE.JUNIOR
22/05/2026 13:21;JOSE.JUNIOR
22/05/2026 13:21;JOSE.JUNIOR
22/05/2026 12:33;JOSE.JUNIOR
22/05/2026 12:33;JOSE.JUNIOR
22/05/2026 12:52;JOSE.JUNIOR
22/05/2026 12:56;JOSE.JUNIOR
22/05/2026 12:56;JOSE.JUNIOR
22/05/2026 12:56;JOSE.JUNIOR
22/05/2026 12:56;JOSE.JUNIOR
22/05/2026 12:56;JOSE.JUNIOR
22/05/2026 12:59;JOSE.JUNIOR
22/05/2026 13:07;JOSE.JUNIOR
22/05/2026 13:07;JOSE.JUNIOR
22/05/2026 13:07;JOSE.JUNIOR
22/05/2026 13:07;JOSE.JUNIOR
22/05/2026 12:33;JOSE.JUNIOR
22/05/2026 12:53;JOSE.JUNIOR
22/05/2026 12:53;JOSE.JUNIOR
22/05/2026 12:53;JOSE.JUNIOR
22/05/2026 13:25;JOSE.JUNIOR
22/05/2026 12:49;JOSE.JUNIOR
22/05/2026 12:49;JOSE.JUNIOR
22/05/2026 13:24;JOSE.JUNIOR
22/05/2026 13:24;JOSE.JUNIOR
22/05/2026 13:24;JOSE.JUNIOR
22/05/2026 13:24;JOSE.JUNIOR
22/05/2026 13:25;JOSE.JUNIOR
22/05/2026 13:25;JOSE.JUNIOR
22/05/2026 13:25;JOSE.JUNIOR
22/05/2026 13:25;JOSE.JUNIOR
22/05/2026 13:25;JOSE.JUNIOR
22/05/2026 13:25;JOSE.JUNIOR
22/05/2026 13:25;JOSE.JUNIOR
22/05/2026 13:25;JOSE.JUNIOR
22/05/2026 13:25;JOSE.JUNIOR
22/05/2026 12:53;JOSE.JUNIOR
22/05/2026 12:33;JOSE.JUNIOR
22/05/2026 12:33;JOSE.JUNIOR
22/05/2026 13:41;JOSE.JUNIOR
22/05/2026 13:41;JOSE.JUNIOR
22/05/2026 13:41;JOSE.JUNIOR
22/05/2026 13:41;JOSE.JUNIOR
22/05/2026 13:41;JOSE.JUNIOR
22/05/2026 13:41;JOSE.JUNIOR
22/05/2026 13:47;JOSE.JUNIOR
22/05/2026 13:48;JOSE.JUNIOR
22/05/2026 13:48;JOSE.JUNIOR
22/05/2026 13:48;JOSE.JUNIOR
22/05/2026 13:50;JOSE.JUNIOR
22/05/2026 09:39;JOSE.JUNIOR
22/05/2026 09:39;JOSE.JUNIOR
22/05/2026 09:39;JOSE.JUNIOR
22/05/2026 09:39;JOSE.JUNIOR
22/05/2026 09:47;JOSE.JUNIOR
22/05/2026 09:39;JOSE.JUNIOR
22/05/2026 09:41;JOSE.JUNIOR
22/05/2026 09:41;JOSE.JUNIOR
22/05/2026 09:56;JOSE.JUNIOR
22/05/2026 09:56;JOSE.JUNIOR
22/05/2026 09:56;JOSE.JUNIOR
22/05/2026 09:56;JOSE.JUNIOR
22/05/2026 09:56;JOSE.JUNIOR
22/05/2026 09:56;JOSE.JUNIOR
22/05/2026 09:56;JOSE.JUNIOR
22/05/2026 09:56;JOSE.JUNIOR
22/05/2026 09:41;JOSE.JUNIOR
22/05/2026 09:41;JOSE.JUNIOR
22/05/2026 09:41;JOSE.JUNIOR
22/05/2026 09:41;JOSE.JUNIOR
22/05/2026 09:40;JOSE.JUNIOR
22/05/2026 09:40;JOSE.JUNIOR
22/05/2026 09:41;JOSE.JUNIOR
22/05/2026 10:31;JOSE.JUNIOR
22/05/2026 10:31;JOSE.JUNIOR
22/05/2026 10:31;JOSE.JUNIOR
22/05/2026 10:31;JOSE.JUNIOR
22/05/2026 10:31;JOSE.JUNIOR
22/05/2026 10:32;JOSE.JUNIOR
22/05/2026 10:43;JOSE.JUNIOR
22/05/2026 10:43;JOSE.JUNIOR
22/05/2026 10:43;JOSE.JUNIOR
22/05/2026 10:43;JOSE.JUNIOR
22/05/2026 10:43;JOSE.JUNIOR
22/05/2026 10:44;JOSE.JUNIOR
22/05/2026 10:48;JOSE.JUNIOR
22/05/2026 10:48;JOSE.JUNIOR
22/05/2026 10:49;JOSE.JUNIOR
22/05/2026 13:24;JOSE.JUNIOR
22/05/2026 12:33;JOSE.JUNIOR
22/05/2026 13:24;JOSE.JUNIOR
22/05/2026 13:24;JOSE.JUNIOR
22/05/2026 13:24;JOSE.JUNIOR
22/05/2026 13:24;JOSE.JUNIOR
22/05/2026 13:24;JOSE.JUNIOR
22/05/2026 12:34;JOSE.JUNIOR
22/05/2026 12:55;JOSE.JUNIOR
22/05/2026 12:56;JOSE.JUNIOR
22/05/2026 12:56;JOSE.JUNIOR
22/05/2026 12:56;JOSE.JUNIOR
22/05/2026 12:56;JOSE.JUNIOR
22/05/2026 12:56;JOSE.JUNIOR
22/05/2026 12:56;JOSE.JUNIOR
22/05/2026 12:56;JOSE.JUNIOR
22/05/2026 12:56;JOSE.JUNIOR
22/05/2026 12:39;JOSE.JUNIOR
22/05/2026 12:39;JOSE.JUNIOR
22/05/2026 12:39;JOSE.JUNIOR
22/05/2026 11:02;JOSE.JUNIOR
22/05/2026 12:56;JOSE.JUNIOR
22/05/2026 12:56;JOSE.JUNIOR
22/05/2026 12:56;JOSE.JUNIOR
22/05/2026 12:56;JOSE.JUNIOR
22/05/2026 12:56;JOSE.JUNIOR
22/05/2026 12:56;JOSE.JUNIOR
22/05/2026 10:49;JOSE.JUNIOR
22/05/2026 10:49;JOSE.JUNIOR
22/05/2026 10:49;JOSE.JUNIOR
22/05/2026 10:49;JOSE.JUNIOR
22/05/2026 10:49;JOSE.JUNIOR
22/05/2026 10:49;JOSE.JUNIOR
22/05/2026 11:03;JOSE.JUNIOR
22/05/2026 10:48;JOSE.JUNIOR
22/05/2026 10:48;JOSE.JUNIOR
22/05/2026 10:48;JOSE.JUNIOR
22/05/2026 10:49;JOSE.JUNIOR
22/05/2026 10:49;JOSE.JUNIOR
22/05/2026 10:49;JOSE.JUNIOR
22/05/2026 10:49;JOSE.JUNIOR
22/05/2026 10:49;JOSE.JUNIOR
22/05/2026 10:49;JOSE.JUNIOR
22/05/2026 10:49;JOSE.JUNIOR
22/05/2026 10:49;JOSE.JUNIOR
22/05/2026 10:49;JOSE.JUNIOR
22/05/2026 10:58;JOSE.JUNIOR
22/05/2026 10:59;JOSE.JUNIOR
22/05/2026 12:42;JOSE.JUNIOR
22/05/2026 12:42;JOSE.JUNIOR
22/05/2026 12:42;JOSE.JUNIOR
22/05/2026 12:42;JOSE.JUNIOR
22/05/2026 12:46;JOSE.JUNIOR
22/05/2026 12:46;JOSE.JUNIOR
22/05/2026 12:46;JOSE.JUNIOR
22/05/2026 12:46;JOSE.JUNIOR
22/05/2026 12:50;JOSE.JUNIOR
22/05/2026 12:50;JOSE.JUNIOR
22/05/2026 12:50;JOSE.JUNIOR
22/05/2026 12:59;JOSE.JUNIOR
22/05/2026 12:59;JOSE.JUNIOR
22/05/2026 12:59;JOSE.JUNIOR
22/05/2026 12:34;JOSE.JUNIOR
22/05/2026 12:34;JOSE.JUNIOR
22/05/2026 12:34;JOSE.JUNIOR
22/05/2026 12:34;JOSE.JUNIOR
22/05/2026 13:48;JOSE.JUNIOR
22/05/2026 13:48;JOSE.JUNIOR
22/05/2026 13:48;JOSE.JUNIOR
22/05/2026 13:48;JOSE.JUNIOR
22/05/2026 13:48;JOSE.JUNIOR
22/05/2026 13:50;JOSE.JUNIOR
22/05/2026 13:50;JOSE.JUNIOR
22/05/2026 13:50;JOSE.JUNIOR
22/05/2026 13:50;JOSE.JUNIOR
22/05/2026 13:50;JOSE.JUNIOR
22/05/2026 13:50;JOSE.JUNIOR
22/05/2026 13:50;JOSE.JUNIOR
22/05/2026 13:50;JOSE.JUNIOR
22/05/2026 13:50;JOSE.JUNIOR
22/05/2026 12:43;JOSE.JUNIOR
22/05/2026 13:06;JOSE.JUNIOR
22/05/2026 12:43;JOSE.JUNIOR
22/05/2026 12:43;JOSE.JUNIOR
22/05/2026 12:44;JOSE.JUNIOR
22/05/2026 12:44;JOSE.JUNIOR
22/05/2026 12:44;JOSE.JUNIOR
22/05/2026 12:44;JOSE.JUNIOR
22/05/2026 12:44;JOSE.JUNIOR
22/05/2026 12:44;JOSE.JUNIOR
22/05/2026 12:44;JOSE.JUNIOR
22/05/2026 12:44;JOSE.JUNIOR
22/05/2026 12:44;JOSE.JUNIOR
22/05/2026 12:44;JOSE.JUNIOR
22/05/2026 12:44;JOSE.JUNIOR
22/05/2026 12:44;JOSE.JUNIOR
22/05/2026 12:44;JOSE.JUNIOR
22/05/2026 12:44;JOSE.JUNIOR
22/05/2026 12:44;JOSE.JUNIOR
22/05/2026 12:44;JOSE.JUNIOR
22/05/2026 12:44;JOSE.JUNIOR
22/05/2026 12:44;JOSE.JUNIOR
22/05/2026 12:52;JOSE.JUNIOR
22/05/2026 12:54;JOSE.JUNIOR
22/05/2026 12:54;JOSE.JUNIOR
22/05/2026 12:54;JOSE.JUNIOR
22/05/2026 12:58;JOSE.JUNIOR
22/05/2026 13:47;JOSE.JUNIOR
22/05/2026 13:47;JOSE.JUNIOR
22/05/2026 13:47;JOSE.JUNIOR
22/05/2026 13:47;JOSE.JUNIOR
22/05/2026 13:06;JOSE.JUNIOR
22/05/2026 13:06;JOSE.JUNIOR
22/05/2026 13:06;JOSE.JUNIOR
22/05/2026 13:06;JOSE.JUNIOR
22/05/2026 13:06;JOSE.JUNIOR
22/05/2026 13:06;JOSE.JUNIOR
22/05/2026 13:06;JOSE.JUNIOR
22/05/2026 13:06;JOSE.JUNIOR
22/05/2026 13:06;JOSE.JUNIOR
22/05/2026 13:06;JOSE.JUNIOR
22/05/2026 13:06;JOSE.JUNIOR
22/05/2026 13:06;JOSE.JUNIOR
22/05/2026 13:06;JOSE.JUNIOR
22/05/2026 13:06;JOSE.JUNIOR
22/05/2026 13:07;JOSE.JUNIOR
22/05/2026 12:49;JOSE.JUNIOR
22/05/2026 12:49;JOSE.JUNIOR
22/05/2026 12:49;JOSE.JUNIOR
22/05/2026 12:49;JOSE.JUNIOR
22/05/2026 13:48;JOSE.JUNIOR
22/05/2026 13:48;JOSE.JUNIOR
22/05/2026 13:41;JOSE.JUNIOR
22/05/2026 13:41;JOSE.JUNIOR
22/05/2026 13:41;JOSE.JUNIOR
22/05/2026 13:41;JOSE.JUNIOR
22/05/2026 13:41;JOSE.JUNIOR
22/05/2026 13:41;JOSE.JUNIOR
22/05/2026 13:41;JOSE.JUNIOR
22/05/2026 13:41;JOSE.JUNIOR
22/05/2026 13:42;JOSE.JUNIOR
22/05/2026 13:42;JOSE.JUNIOR
22/05/2026 13:45;JOSE.JUNIOR
22/05/2026 13:46;JOSE.JUNIOR
22/05/2026 09:41;JOSE.JUNIOR
22/05/2026 09:41;JOSE.JUNIOR
22/05/2026 09:42;JOSE.JUNIOR
22/05/2026 09:19;JOSE.JUNIOR
22/05/2026 09:20;JOSE.JUNIOR
22/05/2026 09:20;JOSE.JUNIOR
22/05/2026 09:20;JOSE.JUNIOR
22/05/2026 09:20;JOSE.JUNIOR
22/05/2026 09:20;JOSE.JUNIOR
22/05/2026 09:20;JOSE.JUNIOR
22/05/2026 09:20;JOSE.JUNIOR
22/05/2026 09:35;JOSE.JUNIOR
22/05/2026 10:30;JOSE.JUNIOR
22/05/2026 10:30;JOSE.JUNIOR
22/05/2026 10:30;JOSE.JUNIOR
22/05/2026 10:30;JOSE.JUNIOR
22/05/2026 10:31;JOSE.JUNIOR
22/05/2026 10:31;JOSE.JUNIOR
22/05/2026 10:31;JOSE.JUNIOR
22/05/2026 10:31;JOSE.JUNIOR
22/05/2026 11:05;JOSE.JUNIOR
22/05/2026 11:05;JOSE.JUNIOR
22/05/2026 09:57;JOSE.JUNIOR
22/05/2026 11:05;JOSE.JUNIOR
22/05/2026 10:44;JOSE.JUNIOR
22/05/2026 11:05;JOSE.JUNIOR
22/05/2026 10:43;JOSE.JUNIOR
22/05/2026 10:43;JOSE.JUNIOR
22/05/2026 10:43;JOSE.JUNIOR
22/05/2026 10:43;JOSE.JUNIOR
22/05/2026 12:43;JOSE.JUNIOR
22/05/2026 12:54;JOSE.JUNIOR
22/05/2026 12:44;JOSE.JUNIOR
22/05/2026 12:44;JOSE.JUNIOR
22/05/2026 12:44;JOSE.JUNIOR
22/05/2026 12:44;JOSE.JUNIOR
22/05/2026 12:44;JOSE.JUNIOR
22/05/2026 12:44;JOSE.JUNIOR
22/05/2026 12:45;JOSE.JUNIOR
22/05/2026 12:45;JOSE.JUNIOR
22/05/2026 12:46;JOSE.JUNIOR
22/05/2026 12:46;JOSE.JUNIOR
22/05/2026 12:46;JOSE.JUNIOR
22/05/2026 12:46;JOSE.JUNIOR
22/05/2026 12:46;JOSE.JUNIOR
22/05/2026 12:46;JOSE.JUNIOR
22/05/2026 11:03;JOSE.JUNIOR
22/05/2026 11:03;JOSE.JUNIOR
22/05/2026 11:03;JOSE.JUNIOR
22/05/2026 11:03;JOSE.JUNIOR
22/05/2026 11:03;JOSE.JUNIOR
22/05/2026 10:25;JOSE.JUNIOR
22/05/2026 10:25;JOSE.JUNIOR
22/05/2026 10:25;JOSE.JUNIOR
22/05/2026 10:25;JOSE.JUNIOR
22/05/2026 11:02;JOSE.JUNIOR
22/05/2026 11:02;JOSE.JUNIOR
22/05/2026 11:02;JOSE.JUNIOR
22/05/2026 11:02;JOSE.JUNIOR
22/05/2026 11:02;JOSE.JUNIOR
22/05/2026 11:02;JOSE.JUNIOR
22/05/2026 10:56;JOSE.JUNIOR
22/05/2026 10:56;JOSE.JUNIOR
22/05/2026 10:57;JOSE.JUNIOR
22/05/2026 10:57;JOSE.JUNIOR
22/05/2026 10:49;JOSE.JUNIOR
22/05/2026 10:49;JOSE.JUNIOR
22/05/2026 10:28;JOSE.JUNIOR
22/05/2026 10:51;JOSE.JUNIOR
22/05/2026 10:51;JOSE.JUNIOR
22/05/2026 10:58;JOSE.JUNIOR
22/05/2026 10:43;JOSE.JUNIOR
22/05/2026 10:43;JOSE.JUNIOR
22/05/2026 10:43;JOSE.JUNIOR
22/05/2026 10:43;JOSE.JUNIOR
22/05/2026 10:43;JOSE.JUNIOR
22/05/2026 10:59;JOSE.JUNIOR
22/05/2026 10:59;JOSE.JUNIOR
22/05/2026 10:59;JOSE.JUNIOR
22/05/2026 10:44;JOSE.JUNIOR
22/05/2026 10:44;JOSE.JUNIOR
22/05/2026 10:44;JOSE.JUNIOR
22/05/2026 10:17;JOSE.JUNIOR
22/05/2026 10:17;JOSE.JUNIOR
22/05/2026 10:30;JOSE.JUNIOR
22/05/2026 10:30;JOSE.JUNIOR
22/05/2026 10:30;JOSE.JUNIOR
22/05/2026 10:30;JOSE.JUNIOR
22/05/2026 10:30;JOSE.JUNIOR
22/05/2026 10:18;JOSE.JUNIOR
22/05/2026 10:19;JOSE.JUNIOR
22/05/2026 10:19;JOSE.JUNIOR
22/05/2026 10:19;JOSE.JUNIOR
22/05/2026 10:19;JOSE.JUNIOR
22/05/2026 10:31;JOSE.JUNIOR
22/05/2026 10:20;JOSE.JUNIOR
22/05/2026 12:33;JOSE.JUNIOR
22/05/2026 12:33;JOSE.JUNIOR
22/05/2026 12:33;JOSE.JUNIOR
22/05/2026 12:33;JOSE.JUNIOR
22/05/2026 12:33;JOSE.JUNIOR
22/05/2026 12:33;JOSE.JUNIOR
22/05/2026 12:33;JOSE.JUNIOR
22/05/2026 12:33;JOSE.JUNIOR
22/05/2026 12:33;JOSE.JUNIOR
22/05/2026 09:56;JOSE.JUNIOR
22/05/2026 10:25;JOSE.JUNIOR
22/05/2026 10:51;JOSE.JUNIOR
22/05/2026 10:51;JOSE.JUNIOR
22/05/2026 10:51;JOSE.JUNIOR
22/05/2026 10:51;JOSE.JUNIOR
22/05/2026 10:51;JOSE.JUNIOR
22/05/2026 10:52;JOSE.JUNIOR
22/05/2026 09:56;JOSE.JUNIOR
22/05/2026 09:57;JOSE.JUNIOR
22/05/2026 11:01;JOSE.JUNIOR
22/05/2026 11:02;JOSE.JUNIOR
22/05/2026 11:02;JOSE.JUNIOR
22/05/2026 11:02;JOSE.JUNIOR
22/05/2026 11:02;JOSE.JUNIOR
22/05/2026 11:02;JOSE.JUNIOR
22/05/2026 11:02;JOSE.JUNIOR
22/05/2026 11:02;JOSE.JUNIOR
22/05/2026 11:02;JOSE.JUNIOR
22/05/2026 09:56;JOSE.JUNIOR
22/05/2026 09:56;JOSE.JUNIOR
22/05/2026 09:56;JOSE.JUNIOR
22/05/2026 09:57;JOSE.JUNIOR
22/05/2026 09:57;JOSE.JUNIOR
22/05/2026 09:57;JOSE.JUNIOR
22/05/2026 11:02;JOSE.JUNIOR
22/05/2026 13:36;VICTOR.VIEIRA
22/05/2026 13:36;VICTOR.VIEIRA
22/05/2026 13:10;VICTOR.VIEIRA
22/05/2026 13:11;VICTOR.VIEIRA
22/05/2026 13:55;VICTOR.VIEIRA
22/05/2026 13:55;VICTOR.VIEIRA
22/05/2026 13:43;VICTOR.VIEIRA
22/05/2026 13:43;VICTOR.VIEIRA
22/05/2026 13:43;VICTOR.VIEIRA
22/05/2026 13:44;VICTOR.VIEIRA
22/05/2026 13:44;VICTOR.VIEIRA
22/05/2026 13:44;VICTOR.VIEIRA
22/05/2026 13:44;VICTOR.VIEIRA
22/05/2026 13:11;VICTOR.VIEIRA
22/05/2026 13:11;VICTOR.VIEIRA
22/05/2026 13:11;VICTOR.VIEIRA
22/05/2026 13:33;VICTOR.VIEIRA
22/05/2026 13:43;VICTOR.VIEIRA
22/05/2026 13:43;VICTOR.VIEIRA
22/05/2026 13:43;VICTOR.VIEIRA
22/05/2026 13:43;VICTOR.VIEIRA
22/05/2026 13:43;VICTOR.VIEIRA
22/05/2026 13:43;VICTOR.VIEIRA
22/05/2026 13:33;VICTOR.VIEIRA
22/05/2026 13:33;VICTOR.VIEIRA
22/05/2026 13:33;VICTOR.VIEIRA
22/05/2026 13:33;VICTOR.VIEIRA
22/05/2026 13:33;VICTOR.VIEIRA
22/05/2026 13:33;VICTOR.VIEIRA
22/05/2026 13:33;VICTOR.VIEIRA
22/05/2026 13:33;VICTOR.VIEIRA
22/05/2026 13:48;VICTOR.VIEIRA
22/05/2026 13:10;VICTOR.VIEIRA
22/05/2026 13:10;VICTOR.VIEIRA
22/05/2026 13:10;VICTOR.VIEIRA
22/05/2026 13:10;VICTOR.VIEIRA
22/05/2026 13:10;VICTOR.VIEIRA
22/05/2026 13:10;VICTOR.VIEIRA
22/05/2026 13:10;VICTOR.VIEIRA
22/05/2026 13:10;VICTOR.VIEIRA
22/05/2026 13:10;VICTOR.VIEIRA
22/05/2026 13:11;VICTOR.VIEIRA
22/05/2026 13:11;VICTOR.VIEIRA
22/05/2026 13:11;VICTOR.VIEIRA
22/05/2026 13:11;VICTOR.VIEIRA
22/05/2026 13:11;VICTOR.VIEIRA
22/05/2026 13:11;VICTOR.VIEIRA
22/05/2026 13:43;VICTOR.VIEIRA
22/05/2026 13:44;VICTOR.VIEIRA
22/05/2026 13:44;VICTOR.VIEIRA
22/05/2026 13:44;VICTOR.VIEIRA
22/05/2026 13:44;VICTOR.VIEIRA
22/05/2026 13:44;VICTOR.VIEIRA
22/05/2026 13:44;VICTOR.VIEIRA
22/05/2026 13:28;VICTOR.VIEIRA
22/05/2026 13:28;VICTOR.VIEIRA
22/05/2026 13:16;VICTOR.VIEIRA
22/05/2026 13:16;VICTOR.VIEIRA
22/05/2026 13:16;VICTOR.VIEIRA
22/05/2026 13:16;VICTOR.VIEIRA
22/05/2026 13:16;VICTOR.VIEIRA
22/05/2026 13:16;VICTOR.VIEIRA
22/05/2026 13:16;VICTOR.VIEIRA
22/05/2026 13:27;VICTOR.VIEIRA
22/05/2026 13:28;VICTOR.VIEIRA
22/05/2026 13:28;VICTOR.VIEIRA
22/05/2026 13:28;VICTOR.VIEIRA
22/05/2026 13:33;VICTOR.VIEIRA
22/05/2026 13:33;VICTOR.VIEIRA
22/05/2026 13:34;VICTOR.VIEIRA
22/05/2026 13:34;VICTOR.VIEIRA
22/05/2026 13:34;VICTOR.VIEIRA
22/05/2026 13:34;VICTOR.VIEIRA
22/05/2026 13:34;VICTOR.VIEIRA
22/05/2026 13:34;VICTOR.VIEIRA
22/05/2026 13:34;VICTOR.VIEIRA
22/05/2026 13:34;VICTOR.VIEIRA
22/05/2026 13:34;VICTOR.VIEIRA
22/05/2026 13:27;VICTOR.VIEIRA
22/05/2026 13:27;VICTOR.VIEIRA
22/05/2026 13:27;VICTOR.VIEIRA
22/05/2026 13:27;VICTOR.VIEIRA
22/05/2026 13:28;VICTOR.VIEIRA
22/05/2026 13:28;VICTOR.VIEIRA
22/05/2026 13:28;VICTOR.VIEIRA
22/05/2026 13:28;VICTOR.VIEIRA
22/05/2026 13:27;VICTOR.VIEIRA
22/05/2026 13:28;VICTOR.VIEIRA
22/05/2026 13:28;VICTOR.VIEIRA
22/05/2026 13:28;VICTOR.VIEIRA
22/05/2026 13:28;VICTOR.VIEIRA
22/05/2026 13:28;VICTOR.VIEIRA
22/05/2026 13:48;VICTOR.VIEIRA
22/05/2026 13:56;VICTOR.VIEIRA
22/05/2026 13:56;VICTOR.VIEIRA
22/05/2026 13:56;VICTOR.VIEIRA
22/05/2026 13:16;VICTOR.VIEIRA
22/05/2026 13:56;VICTOR.VIEIRA
22/05/2026 13:56;VICTOR.VIEIRA
22/05/2026 13:16;VICTOR.VIEIRA
22/05/2026 13:17;VICTOR.VIEIRA
22/05/2026 13:18;VICTOR.VIEIRA
22/05/2026 13:18;VICTOR.VIEIRA
22/05/2026 13:49;VICTOR.VIEIRA
22/05/2026 13:49;VICTOR.VIEIRA
22/05/2026 13:50;VICTOR.VIEIRA
22/05/2026 13:49;VICTOR.VIEIRA
22/05/2026 13:49;VICTOR.VIEIRA
22/05/2026 13:49;VICTOR.VIEIRA
22/05/2026 13:49;VICTOR.VIEIRA
22/05/2026 13:49;VICTOR.VIEIRA
22/05/2026 13:49;VICTOR.VIEIRA
22/05/2026 13:49;VICTOR.VIEIRA
22/05/2026 13:55;VICTOR.VIEIRA
22/05/2026 13:55;VICTOR.VIEIRA
22/05/2026 13:55;VICTOR.VIEIRA
22/05/2026 13:48;VICTOR.VIEIRA
22/05/2026 13:48;VICTOR.VIEIRA
22/05/2026 13:48;VICTOR.VIEIRA
22/05/2026 08:54;CARLOS.DAGUANA
22/05/2026 08:54;CARLOS.DAGUANA
22/05/2026 08:54;CARLOS.DAGUANA
22/05/2026 08:54;CARLOS.DAGUANA
22/05/2026 08:54;CARLOS.DAGUANA
22/05/2026 08:54;CARLOS.DAGUANA
22/05/2026 08:54;CARLOS.DAGUANA
22/05/2026 08:54;CARLOS.DAGUANA
22/05/2026 09:54;CARLOS.DAGUANA
22/05/2026 09:54;CARLOS.DAGUANA
22/05/2026 10:46;CARLOS.DAGUANA
22/05/2026 10:46;CARLOS.DAGUANA
22/05/2026 10:46;CARLOS.DAGUANA
22/05/2026 10:46;CARLOS.DAGUANA
22/05/2026 10:46;CARLOS.DAGUANA
22/05/2026 10:46;CARLOS.DAGUANA
22/05/2026 10:26;CARLOS.DAGUANA
22/05/2026 10:27;CARLOS.DAGUANA
22/05/2026 10:27;CARLOS.DAGUANA
22/05/2026 10:54;CARLOS.DAGUANA
22/05/2026 10:54;CARLOS.DAGUANA
22/05/2026 10:16;CARLOS.DAGUANA
22/05/2026 10:16;CARLOS.DAGUANA
22/05/2026 10:16;CARLOS.DAGUANA
22/05/2026 10:27;CARLOS.DAGUANA
22/05/2026 10:27;CARLOS.DAGUANA
22/05/2026 10:54;CARLOS.DAGUANA
22/05/2026 10:54;CARLOS.DAGUANA
22/05/2026 10:54;CARLOS.DAGUANA
22/05/2026 10:55;CARLOS.DAGUANA
22/05/2026 11:04;CARLOS.DAGUANA
22/05/2026 11:05;CARLOS.DAGUANA
22/05/2026 11:05;CARLOS.DAGUANA
22/05/2026 11:33;CARLOS.DAGUANA
22/05/2026 11:33;CARLOS.DAGUANA
22/05/2026 11:33;CARLOS.DAGUANA
22/05/2026 09:51;CARLOS.DAGUANA
22/05/2026 09:51;CARLOS.DAGUANA
22/05/2026 09:51;CARLOS.DAGUANA
22/05/2026 09:52;CARLOS.DAGUANA
22/05/2026 09:52;CARLOS.DAGUANA
22/05/2026 09:52;CARLOS.DAGUANA
22/05/2026 09:52;CARLOS.DAGUANA
22/05/2026 10:55;CARLOS.DAGUANA
22/05/2026 10:55;CARLOS.DAGUANA
22/05/2026 10:55;CARLOS.DAGUANA
22/05/2026 10:27;CARLOS.DAGUANA
22/05/2026 11:17;CARLOS.DAGUANA
22/05/2026 11:17;CARLOS.DAGUANA
22/05/2026 11:17;CARLOS.DAGUANA
22/05/2026 11:17;CARLOS.DAGUANA
22/05/2026 10:16;CARLOS.DAGUANA
22/05/2026 11:24;CARLOS.DAGUANA
22/05/2026 11:25;CARLOS.DAGUANA
22/05/2026 12:09;CARLOS.DAGUANA
22/05/2026 12:09;CARLOS.DAGUANA
22/05/2026 12:09;CARLOS.DAGUANA
22/05/2026 11:28;CARLOS.DAGUANA
22/05/2026 11:29;CARLOS.DAGUANA
22/05/2026 09:52;CARLOS.DAGUANA
22/05/2026 11:29;CARLOS.DAGUANA
22/05/2026 11:29;CARLOS.DAGUANA
22/05/2026 11:29;CARLOS.DAGUANA
22/05/2026 11:29;CARLOS.DAGUANA
22/05/2026 10:04;CARLOS.DAGUANA
22/05/2026 10:04;CARLOS.DAGUANA
22/05/2026 10:04;CARLOS.DAGUANA
22/05/2026 10:04;CARLOS.DAGUANA
22/05/2026 10:17;CARLOS.DAGUANA
22/05/2026 10:17;CARLOS.DAGUANA
22/05/2026 10:17;CARLOS.DAGUANA
22/05/2026 10:17;CARLOS.DAGUANA
22/05/2026 10:17;CARLOS.DAGUANA
22/05/2026 10:17;CARLOS.DAGUANA
22/05/2026 10:18;CARLOS.DAGUANA
22/05/2026 10:18;CARLOS.DAGUANA
22/05/2026 10:18;CARLOS.DAGUANA
22/05/2026 10:18;CARLOS.DAGUANA
22/05/2026 10:17;CARLOS.DAGUANA
22/05/2026 10:17;CARLOS.DAGUANA
22/05/2026 10:17;CARLOS.DAGUANA
22/05/2026 08:51;CARLOS.DAGUANA
22/05/2026 08:51;CARLOS.DAGUANA
22/05/2026 08:51;CARLOS.DAGUANA
22/05/2026 08:51;CARLOS.DAGUANA
22/05/2026 08:51;CARLOS.DAGUANA
22/05/2026 08:51;CARLOS.DAGUANA
22/05/2026 08:51;CARLOS.DAGUANA
22/05/2026 08:51;CARLOS.DAGUANA
22/05/2026 08:51;CARLOS.DAGUANA
22/05/2026 08:51;CARLOS.DAGUANA
22/05/2026 08:51;CARLOS.DAGUANA
22/05/2026 08:51;CARLOS.DAGUANA
22/05/2026 08:51;CARLOS.DAGUANA
22/05/2026 08:51;CARLOS.DAGUANA
22/05/2026 08:51;CARLOS.DAGUANA
22/05/2026 08:51;CARLOS.DAGUANA
22/05/2026 08:51;CARLOS.DAGUANA
22/05/2026 08:51;CARLOS.DAGUANA
22/05/2026 09:12;CARLOS.DAGUANA
22/05/2026 09:12;CARLOS.DAGUANA
22/05/2026 09:12;CARLOS.DAGUANA
22/05/2026 09:12;CARLOS.DAGUANA
22/05/2026 09:12;CARLOS.DAGUANA
22/05/2026 09:12;CARLOS.DAGUANA
22/05/2026 09:13;CARLOS.DAGUANA
22/05/2026 09:15;CARLOS.DAGUANA
22/05/2026 09:16;CARLOS.DAGUANA
22/05/2026 09:16;CARLOS.DAGUANA
22/05/2026 09:06;CARLOS.DAGUANA
22/05/2026 09:06;CARLOS.DAGUANA
22/05/2026 09:06;CARLOS.DAGUANA
22/05/2026 09:07;CARLOS.DAGUANA
22/05/2026 09:07;CARLOS.DAGUANA
22/05/2026 09:07;CARLOS.DAGUANA
22/05/2026 09:07;CARLOS.DAGUANA
22/05/2026 09:07;CARLOS.DAGUANA
22/05/2026 09:07;CARLOS.DAGUANA
22/05/2026 08:47;CARLOS.DAGUANA
22/05/2026 08:47;CARLOS.DAGUANA
22/05/2026 08:47;CARLOS.DAGUANA
22/05/2026 08:47;CARLOS.DAGUANA
22/05/2026 08:47;CARLOS.DAGUANA
22/05/2026 08:57;CARLOS.DAGUANA
22/05/2026 08:57;CARLOS.DAGUANA
22/05/2026 08:57;CARLOS.DAGUANA
22/05/2026 08:57;CARLOS.DAGUANA
22/05/2026 08:57;CARLOS.DAGUANA
22/05/2026 08:57;CARLOS.DAGUANA
22/05/2026 08:57;CARLOS.DAGUANA
22/05/2026 09:06;CARLOS.DAGUANA
22/05/2026 09:06;CARLOS.DAGUANA
22/05/2026 09:09;CARLOS.DAGUANA
22/05/2026 09:12;CARLOS.DAGUANA
22/05/2026 09:12;CARLOS.DAGUANA
22/05/2026 09:12;CARLOS.DAGUANA
22/05/2026 09:12;CARLOS.DAGUANA
22/05/2026 09:12;CARLOS.DAGUANA
22/05/2026 09:03;CARLOS.DAGUANA
22/05/2026 09:03;CARLOS.DAGUANA
22/05/2026 08:57;CARLOS.DAGUANA
22/05/2026 08:58;CARLOS.DAGUANA
22/05/2026 08:58;CARLOS.DAGUANA
22/05/2026 08:58;CARLOS.DAGUANA
22/05/2026 08:58;CARLOS.DAGUANA
22/05/2026 08:58;CARLOS.DAGUANA
22/05/2026 09:03;CARLOS.DAGUANA
22/05/2026 09:03;CARLOS.DAGUANA
22/05/2026 09:03;CARLOS.DAGUANA
22/05/2026 09:03;CARLOS.DAGUANA
22/05/2026 09:03;CARLOS.DAGUANA
22/05/2026 09:03;CARLOS.DAGUANA
22/05/2026 09:03;CARLOS.DAGUANA
22/05/2026 09:03;CARLOS.DAGUANA
22/05/2026 09:03;CARLOS.DAGUANA
22/05/2026 09:03;CARLOS.DAGUANA
22/05/2026 09:04;CARLOS.DAGUANA
22/05/2026 08:48;CARLOS.DAGUANA
22/05/2026 08:48;CARLOS.DAGUANA
22/05/2026 08:48;CARLOS.DAGUANA
22/05/2026 08:48;CARLOS.DAGUANA
22/05/2026 09:07;CARLOS.DAGUANA
22/05/2026 09:07;CARLOS.DAGUANA
22/05/2026 09:08;CARLOS.DAGUANA
22/05/2026 09:08;CARLOS.DAGUANA
22/05/2026 09:08;CARLOS.DAGUANA
22/05/2026 09:08;CARLOS.DAGUANA
22/05/2026 08:48;CARLOS.DAGUANA
22/05/2026 08:48;CARLOS.DAGUANA
22/05/2026 08:48;CARLOS.DAGUANA
22/05/2026 08:48;CARLOS.DAGUANA
22/05/2026 08:48;CARLOS.DAGUANA
22/05/2026 08:48;CARLOS.DAGUANA
22/05/2026 08:48;CARLOS.DAGUANA
22/05/2026 08:48;CARLOS.DAGUANA
22/05/2026 08:48;CARLOS.DAGUANA
22/05/2026 08:48;CARLOS.DAGUANA
22/05/2026 08:59;CARLOS.DAGUANA
22/05/2026 09:02;CARLOS.DAGUANA
22/05/2026 09:02;CARLOS.DAGUANA
22/05/2026 09:02;CARLOS.DAGUANA
22/05/2026 09:02;CARLOS.DAGUANA
22/05/2026 09:08;CARLOS.DAGUANA
22/05/2026 09:08;CARLOS.DAGUANA
22/05/2026 09:08;CARLOS.DAGUANA
22/05/2026 09:08;CARLOS.DAGUANA
22/05/2026 09:08;CARLOS.DAGUANA
22/05/2026 09:09;CARLOS.DAGUANA
22/05/2026 10:49;CARLOS.DAGUANA
22/05/2026 10:50;CARLOS.DAGUANA
22/05/2026 10:50;CARLOS.DAGUANA
22/05/2026 10:50;CARLOS.DAGUANA
22/05/2026 10:50;CARLOS.DAGUANA
22/05/2026 09:59;CARLOS.DAGUANA
22/05/2026 09:59;CARLOS.DAGUANA
22/05/2026 09:11;CARLOS.DAGUANA
22/05/2026 09:11;CARLOS.DAGUANA
22/05/2026 09:15;CARLOS.DAGUANA
22/05/2026 09:15;CARLOS.DAGUANA
22/05/2026 09:15;CARLOS.DAGUANA
22/05/2026 09:15;CARLOS.DAGUANA
22/05/2026 09:15;CARLOS.DAGUANA
22/05/2026 09:51;CARLOS.DAGUANA
22/05/2026 09:51;CARLOS.DAGUANA
22/05/2026 08:51;CARLOS.DAGUANA
22/05/2026 08:51;CARLOS.DAGUANA
22/05/2026 09:52;CARLOS.DAGUANA
22/05/2026 08:51;CARLOS.DAGUANA
22/05/2026 08:51;CARLOS.DAGUANA
22/05/2026 08:51;CARLOS.DAGUANA
22/05/2026 08:51;CARLOS.DAGUANA
22/05/2026 08:52;CARLOS.DAGUANA
22/05/2026 08:52;CARLOS.DAGUANA
22/05/2026 08:52;CARLOS.DAGUANA
22/05/2026 09:53;CARLOS.DAGUANA
22/05/2026 08:52;CARLOS.DAGUANA
22/05/2026 08:52;CARLOS.DAGUANA
22/05/2026 09:08;CARLOS.DAGUANA
22/05/2026 09:08;CARLOS.DAGUANA
22/05/2026 09:08;CARLOS.DAGUANA
22/05/2026 09:08;CARLOS.DAGUANA
22/05/2026 09:08;CARLOS.DAGUANA
22/05/2026 09:08;CARLOS.DAGUANA
22/05/2026 09:09;CARLOS.DAGUANA
22/05/2026 09:09;CARLOS.DAGUANA
22/05/2026 09:09;CARLOS.DAGUANA
22/05/2026 09:54;CARLOS.DAGUANA
22/05/2026 09:09;CARLOS.DAGUANA
22/05/2026 09:09;CARLOS.DAGUANA
22/05/2026 09:09;CARLOS.DAGUANA
22/05/2026 09:09;CARLOS.DAGUANA
22/05/2026 09:09;CARLOS.DAGUANA
22/05/2026 09:54;CARLOS.DAGUANA
22/05/2026 09:54;CARLOS.DAGUANA
22/05/2026 10:03;CARLOS.DAGUANA
22/05/2026 10:03;CARLOS.DAGUANA
22/05/2026 10:03;CARLOS.DAGUANA
22/05/2026 09:09;CARLOS.DAGUANA
22/05/2026 09:09;CARLOS.DAGUANA
22/05/2026 09:39;CARLOS.DAGUANA
22/05/2026 08:54;CARLOS.DAGUANA
22/05/2026 08:54;CARLOS.DAGUANA
22/05/2026 08:54;CARLOS.DAGUANA
22/05/2026 08:54;CARLOS.DAGUANA
22/05/2026 09:05;CARLOS.DAGUANA
22/05/2026 09:05;CARLOS.DAGUANA
22/05/2026 09:06;CARLOS.DAGUANA
22/05/2026 09:06;CARLOS.DAGUANA
22/05/2026 09:06;CARLOS.DAGUANA
22/05/2026 09:06;CARLOS.DAGUANA
22/05/2026 09:06;CARLOS.DAGUANA
22/05/2026 09:06;CARLOS.DAGUANA
22/05/2026 09:16;CARLOS.DAGUANA
22/05/2026 09:38;CARLOS.DAGUANA
22/05/2026 09:38;CARLOS.DAGUANA
22/05/2026 09:38;CARLOS.DAGUANA
22/05/2026 09:39;CARLOS.DAGUANA
22/05/2026 09:39;CARLOS.DAGUANA
22/05/2026 09:39;CARLOS.DAGUANA
22/05/2026 09:39;CARLOS.DAGUANA
22/05/2026 09:39;CARLOS.DAGUANA
22/05/2026 09:39;CARLOS.DAGUANA
22/05/2026 09:39;CARLOS.DAGUANA
22/05/2026 09:39;CARLOS.DAGUANA
22/05/2026 09:38;CARLOS.DAGUANA
22/05/2026 09:38;CARLOS.DAGUANA
22/05/2026 09:38;CARLOS.DAGUANA
22/05/2026 10:45;CARLOS.DAGUANA
22/05/2026 10:45;CARLOS.DAGUANA
22/05/2026 10:45;CARLOS.DAGUANA
22/05/2026 10:45;CARLOS.DAGUANA
22/05/2026 10:16;CARLOS.DAGUANA
22/05/2026 10:26;CARLOS.DAGUANA
22/05/2026 10:24;CARLOS.DAGUANA
22/05/2026 10:24;CARLOS.DAGUANA
22/05/2026 10:24;CARLOS.DAGUANA
22/05/2026 13:42;CARLOS.DAGUANA
22/05/2026 13:42;CARLOS.DAGUANA
22/05/2026 13:43;CARLOS.DAGUANA
22/05/2026 13:43;CARLOS.DAGUANA
22/05/2026 13:43;CARLOS.DAGUANA
22/05/2026 13:43;CARLOS.DAGUANA
22/05/2026 13:43;CARLOS.DAGUANA
22/05/2026 13:43;CARLOS.DAGUANA
22/05/2026 13:42;CARLOS.DAGUANA
22/05/2026 09:51;CARLOS.DAGUANA
22/05/2026 09:51;CARLOS.DAGUANA
22/05/2026 09:51;CARLOS.DAGUANA
22/05/2026 09:51;CARLOS.DAGUANA
22/05/2026 10:03;CARLOS.DAGUANA
22/05/2026 10:06;CARLOS.DAGUANA
22/05/2026 10:42;CARLOS.DAGUANA
22/05/2026 10:42;CARLOS.DAGUANA
22/05/2026 10:42;CARLOS.DAGUANA
22/05/2026 09:52;CARLOS.DAGUANA
22/05/2026 09:52;CARLOS.DAGUANA
22/05/2026 09:52;CARLOS.DAGUANA
22/05/2026 10:43;CARLOS.DAGUANA
22/05/2026 10:43;CARLOS.DAGUANA
22/05/2026 11:04;CARLOS.DAGUANA
22/05/2026 11:04;CARLOS.DAGUANA
22/05/2026 11:04;CARLOS.DAGUANA
22/05/2026 09:54;CARLOS.DAGUANA
22/05/2026 09:54;CARLOS.DAGUANA
22/05/2026 11:25;CARLOS.DAGUANA
22/05/2026 11:33;CARLOS.DAGUANA
22/05/2026 11:25;CARLOS.DAGUANA
22/05/2026 11:29;CARLOS.DAGUANA
22/05/2026 11:29;CARLOS.DAGUANA
22/05/2026 11:29;CARLOS.DAGUANA
22/05/2026 11:29;CARLOS.DAGUANA
22/05/2026 13:42;CARLOS.DAGUANA
22/05/2026 13:43;CARLOS.DAGUANA
22/05/2026 13:43;CARLOS.DAGUANA
22/05/2026 13:38;CARLOS.DAGUANA
22/05/2026 13:43;CARLOS.DAGUANA
22/05/2026 13:43;CARLOS.DAGUANA
22/05/2026 13:43;CARLOS.DAGUANA
22/05/2026 13:43;CARLOS.DAGUANA
22/05/2026 13:43;CARLOS.DAGUANA
22/05/2026 13:43;CARLOS.DAGUANA
22/05/2026 13:38;CARLOS.DAGUANA
22/05/2026 13:42;CARLOS.DAGUANA
22/05/2026 13:42;CARLOS.DAGUANA
22/05/2026 13:38;CARLOS.DAGUANA
22/05/2026 13:38;CARLOS.DAGUANA
22/05/2026 13:38;CARLOS.DAGUANA
22/05/2026 13:38;CARLOS.DAGUANA
22/05/2026 13:45;CARLOS.DAGUANA
22/05/2026 13:45;CARLOS.DAGUANA
22/05/2026 13:45;CARLOS.DAGUANA
22/05/2026 13:57;CARLOS.DAGUANA
22/05/2026 13:45;CARLOS.DAGUANA
22/05/2026 13:45;CARLOS.DAGUANA
22/05/2026 13:45;CARLOS.DAGUANA
22/05/2026 13:45;CARLOS.DAGUANA
22/05/2026 13:45;CARLOS.DAGUANA
22/05/2026 13:45;CARLOS.DAGUANA
22/05/2026 13:38;CARLOS.DAGUANA
22/05/2026 13:56;CARLOS.DAGUANA
22/05/2026 13:56;CARLOS.DAGUANA
22/05/2026 13:57;CARLOS.DAGUANA
22/05/2026 13:58;CARLOS.DAGUANA
22/05/2026 09:07;CARLOS.DAGUANA
22/05/2026 09:07;CARLOS.DAGUANA
22/05/2026 09:07;CARLOS.DAGUANA
22/05/2026 09:07;CARLOS.DAGUANA
22/05/2026 09:16;CARLOS.DAGUANA
22/05/2026 09:46;CARLOS.DAGUANA
22/05/2026 09:46;CARLOS.DAGUANA
22/05/2026 09:46;CARLOS.DAGUANA
22/05/2026 09:12;CARLOS.DAGUANA
22/05/2026 09:46;CARLOS.DAGUANA
22/05/2026 08:57;CARLOS.DAGUANA
22/05/2026 08:57;CARLOS.DAGUANA
22/05/2026 08:57;CARLOS.DAGUANA
22/05/2026 09:45;CARLOS.DAGUANA
22/05/2026 08:57;CARLOS.DAGUANA
22/05/2026 08:57;CARLOS.DAGUANA
22/05/2026 08:57;CARLOS.DAGUANA
22/05/2026 08:57;CARLOS.DAGUANA
22/05/2026 09:46;CARLOS.DAGUANA
22/05/2026 09:46;CARLOS.DAGUANA
22/05/2026 09:46;CARLOS.DAGUANA
22/05/2026 09:46;CARLOS.DAGUANA
22/05/2026 09:46;CARLOS.DAGUANA
22/05/2026 09:46;CARLOS.DAGUANA
22/05/2026 09:46;CARLOS.DAGUANA
22/05/2026 09:46;CARLOS.DAGUANA
22/05/2026 09:46;CARLOS.DAGUANA
22/05/2026 09:46;CARLOS.DAGUANA
22/05/2026 09:12;CARLOS.DAGUANA
22/05/2026 09:12;CARLOS.DAGUANA
22/05/2026 09:45;CARLOS.DAGUANA
22/05/2026 09:45;CARLOS.DAGUANA
22/05/2026 09:45;CARLOS.DAGUANA
22/05/2026 09:46;CARLOS.DAGUANA
22/05/2026 09:46;CARLOS.DAGUANA
22/05/2026 09:45;CARLOS.DAGUANA
22/05/2026 09:51;CARLOS.DAGUANA
22/05/2026 09:45;CARLOS.DAGUANA
22/05/2026 09:51;CARLOS.DAGUANA
22/05/2026 09:51;CARLOS.DAGUANA
22/05/2026 09:51;CARLOS.DAGUANA
22/05/2026 11:00;CARLOS.DAGUANA
22/05/2026 11:00;CARLOS.DAGUANA
22/05/2026 11:00;CARLOS.DAGUANA
22/05/2026 11:00;CARLOS.DAGUANA
22/05/2026 11:00;CARLOS.DAGUANA
22/05/2026 11:00;CARLOS.DAGUANA
22/05/2026 11:00;CARLOS.DAGUANA
22/05/2026 11:00;CARLOS.DAGUANA
22/05/2026 11:01;CARLOS.DAGUANA
22/05/2026 11:05;CARLOS.DAGUANA
22/05/2026 11:05;CARLOS.DAGUANA
22/05/2026 11:17;CARLOS.DAGUANA
22/05/2026 11:17;CARLOS.DAGUANA
22/05/2026 11:17;CARLOS.DAGUANA
22/05/2026 11:17;CARLOS.DAGUANA
22/05/2026 11:33;CARLOS.DAGUANA
22/05/2026 11:33;CARLOS.DAGUANA
22/05/2026 11:33;CARLOS.DAGUANA
22/05/2026 11:34;CARLOS.DAGUANA
22/05/2026 10:57;CARLOS.DAGUANA
22/05/2026 11:05;CARLOS.DAGUANA
22/05/2026 11:05;CARLOS.DAGUANA
22/05/2026 11:08;CARLOS.DAGUANA
22/05/2026 11:00;CARLOS.DAGUANA
22/05/2026 11:00;CARLOS.DAGUANA
22/05/2026 11:00;CARLOS.DAGUANA
22/05/2026 11:01;CARLOS.DAGUANA
22/05/2026 11:04;CARLOS.DAGUANA
22/05/2026 11:04;CARLOS.DAGUANA
22/05/2026 11:08;CARLOS.DAGUANA
22/05/2026 11:08;CARLOS.DAGUANA
22/05/2026 12:02;CARLOS.DAGUANA
22/05/2026 12:02;CARLOS.DAGUANA
22/05/2026 12:01;CARLOS.DAGUANA
22/05/2026 12:02;CARLOS.DAGUANA
22/05/2026 12:02;CARLOS.DAGUANA
22/05/2026 12:02;CARLOS.DAGUANA
22/05/2026 12:02;CARLOS.DAGUANA
22/05/2026 12:02;CARLOS.DAGUANA
22/05/2026 12:02;CARLOS.DAGUANA
22/05/2026 12:02;CARLOS.DAGUANA
22/05/2026 11:05;CARLOS.DAGUANA
22/05/2026 11:16;CARLOS.DAGUANA
22/05/2026 11:17;CARLOS.DAGUANA
22/05/2026 11:17;CARLOS.DAGUANA
22/05/2026 11:17;CARLOS.DAGUANA
22/05/2026 11:17;CARLOS.DAGUANA
22/05/2026 11:17;CARLOS.DAGUANA
22/05/2026 11:17;CARLOS.DAGUANA
22/05/2026 11:17;CARLOS.DAGUANA
22/05/2026 11:17;CARLOS.DAGUANA
22/05/2026 11:17;CARLOS.DAGUANA
22/05/2026 11:17;CARLOS.DAGUANA
22/05/2026 11:18;CARLOS.DAGUANA
22/05/2026 13:58;CARLOS.DAGUANA
22/05/2026 13:38;CARLOS.DAGUANA
22/05/2026 13:38;CARLOS.DAGUANA
22/05/2026 13:39;CARLOS.DAGUANA
22/05/2026 13:39;CARLOS.DAGUANA
22/05/2026 13:39;CARLOS.DAGUANA
22/05/2026 13:38;CARLOS.DAGUANA
22/05/2026 13:50;CARLOS.DAGUANA
22/05/2026 09:39;CARLOS.DAGUANA
22/05/2026 09:39;CARLOS.DAGUANA
22/05/2026 09:39;CARLOS.DAGUANA
22/05/2026 09:39;CARLOS.DAGUANA
22/05/2026 09:39;CARLOS.DAGUANA
22/05/2026 09:39;CARLOS.DAGUANA
22/05/2026 09:39;CARLOS.DAGUANA
22/05/2026 09:39;CARLOS.DAGUANA
22/05/2026 09:39;CARLOS.DAGUANA
22/05/2026 09:39;CARLOS.DAGUANA
22/05/2026 09:39;CARLOS.DAGUANA
22/05/2026 09:40;CARLOS.DAGUANA
22/05/2026 09:40;CARLOS.DAGUANA
22/05/2026 09:40;CARLOS.DAGUANA
22/05/2026 09:45;CARLOS.DAGUANA
22/05/2026 09:45;CARLOS.DAGUANA
22/05/2026 09:45;CARLOS.DAGUANA
22/05/2026 09:45;CARLOS.DAGUANA
22/05/2026 09:45;CARLOS.DAGUANA
22/05/2026 09:45;CARLOS.DAGUANA
22/05/2026 09:45;CARLOS.DAGUANA
22/05/2026 09:45;CARLOS.DAGUANA
22/05/2026 10:31;CARLOS.DAGUANA
22/05/2026 10:31;CARLOS.DAGUANA
22/05/2026 10:31;CARLOS.DAGUANA
22/05/2026 10:31;CARLOS.DAGUANA
22/05/2026 10:32;CARLOS.DAGUANA
22/05/2026 10:32;CARLOS.DAGUANA
22/05/2026 10:36;CARLOS.DAGUANA
22/05/2026 10:36;CARLOS.DAGUANA
22/05/2026 10:37;CARLOS.DAGUANA
22/05/2026 10:37;CARLOS.DAGUANA
22/05/2026 10:37;CARLOS.DAGUANA
22/05/2026 10:37;CARLOS.DAGUANA
22/05/2026 10:37;CARLOS.DAGUANA
22/05/2026 10:37;CARLOS.DAGUANA
22/05/2026 10:37;CARLOS.DAGUANA
22/05/2026 10:38;CARLOS.DAGUANA
22/05/2026 10:38;CARLOS.DAGUANA
22/05/2026 10:06;CARLOS.DAGUANA
22/05/2026 10:06;CARLOS.DAGUANA
22/05/2026 10:07;CARLOS.DAGUANA
22/05/2026 10:07;CARLOS.DAGUANA
22/05/2026 10:06;CARLOS.DAGUANA
22/05/2026 10:07;CARLOS.DAGUANA
22/05/2026 10:06;CARLOS.DAGUANA
22/05/2026 10:42;CARLOS.DAGUANA
22/05/2026 10:42;CARLOS.DAGUANA
22/05/2026 10:42;CARLOS.DAGUANA
22/05/2026 10:42;CARLOS.DAGUANA
22/05/2026 10:41;CARLOS.DAGUANA
22/05/2026 10:41;CARLOS.DAGUANA
22/05/2026 10:42;CARLOS.DAGUANA
22/05/2026 10:42;CARLOS.DAGUANA
22/05/2026 10:55;CARLOS.DAGUANA
22/05/2026 10:55;CARLOS.DAGUANA
22/05/2026 10:56;CARLOS.DAGUANA
22/05/2026 10:56;CARLOS.DAGUANA
22/05/2026 10:56;CARLOS.DAGUANA
22/05/2026 10:56;CARLOS.DAGUANA
22/05/2026 11:05;CARLOS.DAGUANA
22/05/2026 11:05;CARLOS.DAGUANA
22/05/2026 11:05;CARLOS.DAGUANA
22/05/2026 11:05;CARLOS.DAGUANA
22/05/2026 10:17;CARLOS.DAGUANA
22/05/2026 10:26;CARLOS.DAGUANA
22/05/2026 10:36;CARLOS.DAGUANA
22/05/2026 10:36;CARLOS.DAGUANA
22/05/2026 10:36;CARLOS.DAGUANA
22/05/2026 10:50;CARLOS.DAGUANA
22/05/2026 10:50;CARLOS.DAGUANA
22/05/2026 10:50;CARLOS.DAGUANA
22/05/2026 10:51;CARLOS.DAGUANA
22/05/2026 10:45;CARLOS.DAGUANA
22/05/2026 10:46;CARLOS.DAGUANA
22/05/2026 10:46;CARLOS.DAGUANA
22/05/2026 10:46;CARLOS.DAGUANA
22/05/2026 10:46;CARLOS.DAGUANA
22/05/2026 10:17;CARLOS.DAGUANA
22/05/2026 10:17;CARLOS.DAGUANA
22/05/2026 10:17;CARLOS.DAGUANA
22/05/2026 10:26;CARLOS.DAGUANA
22/05/2026 10:36;CARLOS.DAGUANA
22/05/2026 10:49;CARLOS.DAGUANA
22/05/2026 10:49;CARLOS.DAGUANA
22/05/2026 10:49;CARLOS.DAGUANA
22/05/2026 10:49;CARLOS.DAGUANA
22/05/2026 10:49;CARLOS.DAGUANA
22/05/2026 10:49;CARLOS.DAGUANA
22/05/2026 10:49;CARLOS.DAGUANA
22/05/2026 10:50;CARLOS.DAGUANA
22/05/2026 10:50;CARLOS.DAGUANA
22/05/2026 10:50;CARLOS.DAGUANA
22/05/2026 11:03;CARLOS.DAGUANA
22/05/2026 11:04;CARLOS.DAGUANA
22/05/2026 11:04;CARLOS.DAGUANA
22/05/2026 11:12;CARLOS.DAGUANA
22/05/2026 11:12;CARLOS.DAGUANA
22/05/2026 11:13;CARLOS.DAGUANA
22/05/2026 11:13;CARLOS.DAGUANA
22/05/2026 11:13;CARLOS.DAGUANA
22/05/2026 11:13;CARLOS.DAGUANA
22/05/2026 11:13;CARLOS.DAGUANA
22/05/2026 10:49;CARLOS.DAGUANA
22/05/2026 10:49;CARLOS.DAGUANA
22/05/2026 10:49;CARLOS.DAGUANA
22/05/2026 10:50;CARLOS.DAGUANA
22/05/2026 10:50;CARLOS.DAGUANA
22/05/2026 10:50;CARLOS.DAGUANA
22/05/2026 10:50;CARLOS.DAGUANA
22/05/2026 10:50;CARLOS.DAGUANA
22/05/2026 10:50;CARLOS.DAGUANA
22/05/2026 10:46;CARLOS.DAGUANA
22/05/2026 10:46;CARLOS.DAGUANA
22/05/2026 10:46;CARLOS.DAGUANA
22/05/2026 11:42;CARLOS.DAGUANA
22/05/2026 11:42;CARLOS.DAGUANA
22/05/2026 11:42;CARLOS.DAGUANA
22/05/2026 12:07;CARLOS.DAGUANA
22/05/2026 12:07;CARLOS.DAGUANA
22/05/2026 12:07;CARLOS.DAGUANA
22/05/2026 12:07;CARLOS.DAGUANA
22/05/2026 12:07;CARLOS.DAGUANA
22/05/2026 12:07;CARLOS.DAGUANA
22/05/2026 12:07;CARLOS.DAGUANA
22/05/2026 12:07;CARLOS.DAGUANA
22/05/2026 12:07;CARLOS.DAGUANA
22/05/2026 12:07;CARLOS.DAGUANA
22/05/2026 12:09;CARLOS.DAGUANA
22/05/2026 12:09;CARLOS.DAGUANA
22/05/2026 13:56;CARLOS.DAGUANA
22/05/2026 13:56;CARLOS.DAGUANA
22/05/2026 13:56;CARLOS.DAGUANA
22/05/2026 13:56;CARLOS.DAGUANA
22/05/2026 13:56;CARLOS.DAGUANA
22/05/2026 13:56;CARLOS.DAGUANA
22/05/2026 13:56;CARLOS.DAGUANA
22/05/2026 13:56;CARLOS.DAGUANA
22/05/2026 13:56;CARLOS.DAGUANA
22/05/2026 13:56;CARLOS.DAGUANA
22/05/2026 13:57;CARLOS.DAGUANA
22/05/2026 13:57;CARLOS.DAGUANA
22/05/2026 13:57;CARLOS.DAGUANA
22/05/2026 13:57;CARLOS.DAGUANA
22/05/2026 13:57;CARLOS.DAGUANA
22/05/2026 13:57;CARLOS.DAGUANA
22/05/2026 13:57;CARLOS.DAGUANA
22/05/2026 13:57;CARLOS.DAGUANA
22/05/2026 13:57;CARLOS.DAGUANA
22/05/2026 13:57;CARLOS.DAGUANA
22/05/2026 13:57;CARLOS.DAGUANA
22/05/2026 11:34;CARLOS.DAGUANA
22/05/2026 11:34;CARLOS.DAGUANA
22/05/2026 11:34;CARLOS.DAGUANA
22/05/2026 11:34;CARLOS.DAGUANA
22/05/2026 11:34;CARLOS.DAGUANA
22/05/2026 13:58;CARLOS.DAGUANA
22/05/2026 13:58;CARLOS.DAGUANA
22/05/2026 13:58;CARLOS.DAGUANA
22/05/2026 11:42;CARLOS.DAGUANA
22/05/2026 11:42;CARLOS.DAGUANA
22/05/2026 11:42;CARLOS.DAGUANA
22/05/2026 11:42;CARLOS.DAGUANA
22/05/2026 13:39;CARLOS.DAGUANA
22/05/2026 13:39;CARLOS.DAGUANA
22/05/2026 13:39;CARLOS.DAGUANA
22/05/2026 13:39;CARLOS.DAGUANA
22/05/2026 13:39;CARLOS.DAGUANA
22/05/2026 13:39;CARLOS.DAGUANA
22/05/2026 13:48;CARLOS.DAGUANA
22/05/2026 13:48;CARLOS.DAGUANA
22/05/2026 13:48;CARLOS.DAGUANA
22/05/2026 13:49;CARLOS.DAGUANA
22/05/2026 13:49;CARLOS.DAGUANA
22/05/2026 13:49;CARLOS.DAGUANA
22/05/2026 13:50;CARLOS.DAGUANA
22/05/2026 13:50;CARLOS.DAGUANA
22/05/2026 13:50;CARLOS.DAGUANA
22/05/2026 13:50;CARLOS.DAGUANA
22/05/2026 13:50;CARLOS.DAGUANA
22/05/2026 13:50;CARLOS.DAGUANA
22/05/2026 13:50;CARLOS.DAGUANA
22/05/2026 13:50;CARLOS.DAGUANA
22/05/2026 13:50;CARLOS.DAGUANA
22/05/2026 13:50;CARLOS.DAGUANA
22/05/2026 13:50;CARLOS.DAGUANA
22/05/2026 13:50;CARLOS.DAGUANA
22/05/2026 13:49;CARLOS.DAGUANA
22/05/2026 13:49;CARLOS.DAGUANA
22/05/2026 13:49;CARLOS.DAGUANA
22/05/2026 13:49;CARLOS.DAGUANA
22/05/2026 13:49;CARLOS.DAGUANA
22/05/2026 13:49;CARLOS.DAGUANA
22/05/2026 13:49;CARLOS.DAGUANA
22/05/2026 13:49;CARLOS.DAGUANA
22/05/2026 13:49;CARLOS.DAGUANA
22/05/2026 13:49;CARLOS.DAGUANA
22/05/2026 13:49;CARLOS.DAGUANA
22/05/2026 11:42;CARLOS.DAGUANA
22/05/2026 11:42;CARLOS.DAGUANA
22/05/2026 11:42;CARLOS.DAGUANA
22/05/2026 11:43;CARLOS.DAGUANA
22/05/2026 11:43;CARLOS.DAGUANA
22/05/2026 11:43;CARLOS.DAGUANA
22/05/2026 11:43;CARLOS.DAGUANA
22/05/2026 11:43;CARLOS.DAGUANA
22/05/2026 11:43;CARLOS.DAGUANA
22/05/2026 11:43;CARLOS.DAGUANA
22/05/2026 11:43;CARLOS.DAGUANA
22/05/2026 11:43;CARLOS.DAGUANA
22/05/2026 11:43;CARLOS.DAGUANA
22/05/2026 13:39;CARLOS.DAGUANA
22/05/2026 13:45;CARLOS.DAGUANA
22/05/2026 08:47;CARLOS.DAGUANA
22/05/2026 08:47;CARLOS.DAGUANA
22/05/2026 08:47;CARLOS.DAGUANA
22/05/2026 08:47;CARLOS.DAGUANA
22/05/2026 08:47;CARLOS.DAGUANA
22/05/2026 08:47;CARLOS.DAGUANA
22/05/2026 08:47;CARLOS.DAGUANA
22/05/2026 09:12;CARLOS.DAGUANA
22/05/2026 09:12;CARLOS.DAGUANA
22/05/2026 09:13;CARLOS.DAGUANA
22/05/2026 08:54;CARLOS.DAGUANA
22/05/2026 08:55;CARLOS.DAGUANA
22/05/2026 09:02;CARLOS.DAGUANA
22/05/2026 09:02;CARLOS.DAGUANA
22/05/2026 09:02;CARLOS.DAGUANA
22/05/2026 09:02;CARLOS.DAGUANA
22/05/2026 09:03;CARLOS.DAGUANA
22/05/2026 08:59;CARLOS.DAGUANA
22/05/2026 08:59;CARLOS.DAGUANA
22/05/2026 08:59;CARLOS.DAGUANA
22/05/2026 08:59;CARLOS.DAGUANA
22/05/2026 08:59;CARLOS.DAGUANA
22/05/2026 08:59;CARLOS.DAGUANA
22/05/2026 08:59;CARLOS.DAGUANA
22/05/2026 08:59;CARLOS.DAGUANA
22/05/2026 09:00;CARLOS.DAGUANA
22/05/2026 09:00;CARLOS.DAGUANA
22/05/2026 09:00;CARLOS.DAGUANA
22/05/2026 09:00;CARLOS.DAGUANA
22/05/2026 09:00;CARLOS.DAGUANA
22/05/2026 09:03;CARLOS.DAGUANA
22/05/2026 09:03;CARLOS.DAGUANA
22/05/2026 09:03;CARLOS.DAGUANA
22/05/2026 09:03;CARLOS.DAGUANA
22/05/2026 09:03;CARLOS.DAGUANA
22/05/2026 09:09;CARLOS.DAGUANA
22/05/2026 09:09;CARLOS.DAGUANA
22/05/2026 09:09;CARLOS.DAGUANA
22/05/2026 09:09;CARLOS.DAGUANA
22/05/2026 09:09;CARLOS.DAGUANA
22/05/2026 09:09;CARLOS.DAGUANA
22/05/2026 09:09;CARLOS.DAGUANA
22/05/2026 08:59;CARLOS.DAGUANA
22/05/2026 09:00;CARLOS.DAGUANA
22/05/2026 08:51;CARLOS.DAGUANA
22/05/2026 09:09;CARLOS.DAGUANA
22/05/2026 09:39;CARLOS.DAGUANA
22/05/2026 10:04;CARLOS.DAGUANA
22/05/2026 10:03;CARLOS.DAGUANA
22/05/2026 10:04;CARLOS.DAGUANA
22/05/2026 10:31;CARLOS.DAGUANA
22/05/2026 10:31;CARLOS.DAGUANA
22/05/2026 10:31;CARLOS.DAGUANA
22/05/2026 10:31;CARLOS.DAGUANA
22/05/2026 10:31;CARLOS.DAGUANA
22/05/2026 10:31;CARLOS.DAGUANA
22/05/2026 10:32;CARLOS.DAGUANA
22/05/2026 10:32;CARLOS.DAGUANA
22/05/2026 10:32;CARLOS.DAGUANA
22/05/2026 10:16;CARLOS.DAGUANA
22/05/2026 10:16;CARLOS.DAGUANA
22/05/2026 10:16;CARLOS.DAGUANA
22/05/2026 10:16;CARLOS.DAGUANA
22/05/2026 10:16;CARLOS.DAGUANA
22/05/2026 10:55;CARLOS.DAGUANA
22/05/2026 10:55;CARLOS.DAGUANA
22/05/2026 10:55;CARLOS.DAGUANA
22/05/2026 10:55;CARLOS.DAGUANA
22/05/2026 10:55;CARLOS.DAGUANA
22/05/2026 10:55;CARLOS.DAGUANA
22/05/2026 10:24;CARLOS.DAGUANA
22/05/2026 10:04;CARLOS.DAGUANA
22/05/2026 10:04;CARLOS.DAGUANA
22/05/2026 11:05;CARLOS.DAGUANA
22/05/2026 10:26;CARLOS.DAGUANA
22/05/2026 11:21;CARLOS.DAGUANA
22/05/2026 11:21;CARLOS.DAGUANA
22/05/2026 11:25;CARLOS.DAGUANA
22/05/2026 11:25;CARLOS.DAGUANA
22/05/2026 10:54;CARLOS.DAGUANA
22/05/2026 10:54;CARLOS.DAGUANA
22/05/2026 10:16;CARLOS.DAGUANA
22/05/2026 10:37;CARLOS.DAGUANA
22/05/2026 10:25;CARLOS.DAGUANA
22/05/2026 10:37;CARLOS.DAGUANA
22/05/2026 10:38;CARLOS.DAGUANA
22/05/2026 10:41;CARLOS.DAGUANA
22/05/2026 10:41;CARLOS.DAGUANA
22/05/2026 10:54;CARLOS.DAGUANA
22/05/2026 10:54;CARLOS.DAGUANA
22/05/2026 10:55;CARLOS.DAGUANA
22/05/2026 11:04;CARLOS.DAGUANA
22/05/2026 11:04;CARLOS.DAGUANA
22/05/2026 11:05;CARLOS.DAGUANA
22/05/2026 10:09;CARLOS.DAGUANA
22/05/2026 10:09;CARLOS.DAGUANA
22/05/2026 10:09;CARLOS.DAGUANA
22/05/2026 10:09;CARLOS.DAGUANA
22/05/2026 10:09;CARLOS.DAGUANA
22/05/2026 10:09;CARLOS.DAGUANA
22/05/2026 10:09;CARLOS.DAGUANA
22/05/2026 10:10;CARLOS.DAGUANA
22/05/2026 10:10;CARLOS.DAGUANA
22/05/2026 10:10;CARLOS.DAGUANA
22/05/2026 10:09;CARLOS.DAGUANA
22/05/2026 10:09;CARLOS.DAGUANA
22/05/2026 10:09;CARLOS.DAGUANA
22/05/2026 10:09;CARLOS.DAGUANA
22/05/2026 11:03;CARLOS.DAGUANA
22/05/2026 11:03;CARLOS.DAGUANA
22/05/2026 11:04;CARLOS.DAGUANA
22/05/2026 11:04;CARLOS.DAGUANA
22/05/2026 11:04;CARLOS.DAGUANA
22/05/2026 10:43;CARLOS.DAGUANA
22/05/2026 10:07;CARLOS.DAGUANA
22/05/2026 10:07;CARLOS.DAGUANA
22/05/2026 10:25;CARLOS.DAGUANA
22/05/2026 10:25;CARLOS.DAGUANA
22/05/2026 10:25;CARLOS.DAGUANA
22/05/2026 10:07;CARLOS.DAGUANA
22/05/2026 10:07;CARLOS.DAGUANA
22/05/2026 11:00;CARLOS.DAGUANA
22/05/2026 11:00;CARLOS.DAGUANA
22/05/2026 11:00;CARLOS.DAGUANA
22/05/2026 11:00;CARLOS.DAGUANA
22/05/2026 11:01;CARLOS.DAGUANA
22/05/2026 11:01;CARLOS.DAGUANA
22/05/2026 11:12;CARLOS.DAGUANA
22/05/2026 11:13;CARLOS.DAGUANA
22/05/2026 10:55;CARLOS.DAGUANA
22/05/2026 11:13;CARLOS.DAGUANA
22/05/2026 11:08;CARLOS.DAGUANA
22/05/2026 11:08;CARLOS.DAGUANA
22/05/2026 11:08;CARLOS.DAGUANA
22/05/2026 11:08;CARLOS.DAGUANA
22/05/2026 11:08;CARLOS.DAGUANA
22/05/2026 10:07;CARLOS.DAGUANA
22/05/2026 10:27;CARLOS.DAGUANA
22/05/2026 10:50;CARLOS.DAGUANA
22/05/2026 10:50;CARLOS.DAGUANA
22/05/2026 11:08;CARLOS.DAGUANA
22/05/2026 11:08;CARLOS.DAGUANA
22/05/2026 10:37;CARLOS.DAGUANA
22/05/2026 10:37;CARLOS.DAGUANA
22/05/2026 10:42;CARLOS.DAGUANA
22/05/2026 10:42;CARLOS.DAGUANA
22/05/2026 10:42;CARLOS.DAGUANA
22/05/2026 10:42;CARLOS.DAGUANA
22/05/2026 10:17;CARLOS.DAGUANA
22/05/2026 10:18;CARLOS.DAGUANA
22/05/2026 10:30;CARLOS.DAGUANA
22/05/2026 10:31;CARLOS.DAGUANA
22/05/2026 10:31;CARLOS.DAGUANA
22/05/2026 10:31;CARLOS.DAGUANA
22/05/2026 10:31;CARLOS.DAGUANA
22/05/2026 11:33;CARLOS.DAGUANA
22/05/2026 11:33;CARLOS.DAGUANA
22/05/2026 11:34;CARLOS.DAGUANA
22/05/2026 11:34;CARLOS.DAGUANA
22/05/2026 11:34;CARLOS.DAGUANA
22/05/2026 11:34;CARLOS.DAGUANA
22/05/2026 11:34;CARLOS.DAGUANA
22/05/2026 08:54;CARLOS.DAGUANA
22/05/2026 08:55;CARLOS.DAGUANA
22/05/2026 08:55;CARLOS.DAGUANA
22/05/2026 08:55;CARLOS.DAGUANA
22/05/2026 08:55;CARLOS.DAGUANA
22/05/2026 08:55;CARLOS.DAGUANA
22/05/2026 08:48;CARLOS.DAGUANA
22/05/2026 08:48;CARLOS.DAGUANA
22/05/2026 08:48;CARLOS.DAGUANA
22/05/2026 08:48;CARLOS.DAGUANA
22/05/2026 08:59;CARLOS.DAGUANA
22/05/2026 09:02;CARLOS.DAGUANA
22/05/2026 09:02;CARLOS.DAGUANA
22/05/2026 09:02;CARLOS.DAGUANA
22/05/2026 09:00;CARLOS.DAGUANA
22/05/2026 09:00;CARLOS.DAGUANA
22/05/2026 09:00;CARLOS.DAGUANA
22/05/2026 10:03;CARLOS.DAGUANA
22/05/2026 10:03;CARLOS.DAGUANA
22/05/2026 10:03;CARLOS.DAGUANA
22/05/2026 10:03;CARLOS.DAGUANA
22/05/2026 10:03;CARLOS.DAGUANA
22/05/2026 10:03;CARLOS.DAGUANA
22/05/2026 10:03;CARLOS.DAGUANA
22/05/2026 10:03;CARLOS.DAGUANA
22/05/2026 10:03;CARLOS.DAGUANA
22/05/2026 10:03;CARLOS.DAGUANA
22/05/2026 10:03;CARLOS.DAGUANA
22/05/2026 10:03;CARLOS.DAGUANA
22/05/2026 10:04;CARLOS.DAGUANA
22/05/2026 10:04;CARLOS.DAGUANA
22/05/2026 10:04;CARLOS.DAGUANA
22/05/2026 10:04;CARLOS.DAGUANA
22/05/2026 10:04;CARLOS.DAGUANA
22/05/2026 09:58;CARLOS.DAGUANA
22/05/2026 09:58;CARLOS.DAGUANA
22/05/2026 09:59;CARLOS.DAGUANA
22/05/2026 09:59;CARLOS.DAGUANA
22/05/2026 09:59;CARLOS.DAGUANA
22/05/2026 09:59;CARLOS.DAGUANA
22/05/2026 09:59;CARLOS.DAGUANA
22/05/2026 09:59;CARLOS.DAGUANA
22/05/2026 09:59;CARLOS.DAGUANA
22/05/2026 09:59;CARLOS.DAGUANA
22/05/2026 09:59;CARLOS.DAGUANA
22/05/2026 09:59;CARLOS.DAGUANA
22/05/2026 09:59;CARLOS.DAGUANA
22/05/2026 09:59;CARLOS.DAGUANA
22/05/2026 09:59;CARLOS.DAGUANA
22/05/2026 09:59;CARLOS.DAGUANA
22/05/2026 09:59;CARLOS.DAGUANA
22/05/2026 09:59;CARLOS.DAGUANA
22/05/2026 11:04;CARLOS.DAGUANA
22/05/2026 10:54;CARLOS.DAGUANA
22/05/2026 10:54;CARLOS.DAGUANA
22/05/2026 11:25;CARLOS.DAGUANA
22/05/2026 11:25;CARLOS.DAGUANA
22/05/2026 10:45;CARLOS.DAGUANA
22/05/2026 10:45;CARLOS.DAGUANA
22/05/2026 11:01;CARLOS.DAGUANA
22/05/2026 10:06;CARLOS.DAGUANA
22/05/2026 10:06;CARLOS.DAGUANA
22/05/2026 10:06;CARLOS.DAGUANA
22/05/2026 10:06;CARLOS.DAGUANA
22/05/2026 10:06;CARLOS.DAGUANA
22/05/2026 10:06;CARLOS.DAGUANA
22/05/2026 10:06;CARLOS.DAGUANA
22/05/2026 10:09;CARLOS.DAGUANA
22/05/2026 10:09;CARLOS.DAGUANA
22/05/2026 10:09;CARLOS.DAGUANA
22/05/2026 10:09;CARLOS.DAGUANA
22/05/2026 10:09;CARLOS.DAGUANA
22/05/2026 10:09;CARLOS.DAGUANA
22/05/2026 10:09;CARLOS.DAGUANA
22/05/2026 10:09;CARLOS.DAGUANA
22/05/2026 10:10;CARLOS.DAGUANA
22/05/2026 10:10;CARLOS.DAGUANA
22/05/2026 10:10;CARLOS.DAGUANA
22/05/2026 10:10;CARLOS.DAGUANA
22/05/2026 10:10;CARLOS.DAGUANA
22/05/2026 10:10;CARLOS.DAGUANA
22/05/2026 10:10;CARLOS.DAGUANA
22/05/2026 10:10;CARLOS.DAGUANA
22/05/2026 10:24;CARLOS.DAGUANA
22/05/2026 11:20;CARLOS.DAGUANA
22/05/2026 11:21;CARLOS.DAGUANA
22/05/2026 11:21;CARLOS.DAGUANA
22/05/2026 11:21;CARLOS.DAGUANA
22/05/2026 11:21;CARLOS.DAGUANA
22/05/2026 11:21;CARLOS.DAGUANA
22/05/2026 11:21;CARLOS.DAGUANA
22/05/2026 11:21;CARLOS.DAGUANA
22/05/2026 11:25;CARLOS.DAGUANA
22/05/2026 11:25;CARLOS.DAGUANA
22/05/2026 08:54;PHSILVA
22/05/2026 08:54;PHSILVA
22/05/2026 08:54;PHSILVA
22/05/2026 08:54;PHSILVA
22/05/2026 08:54;PHSILVA
22/05/2026 08:54;PHSILVA
22/05/2026 10:04;PHSILVA
22/05/2026 10:04;PHSILVA
22/05/2026 10:04;PHSILVA
22/05/2026 09:52;PHSILVA
22/05/2026 09:52;PHSILVA
22/05/2026 09:52;PHSILVA
22/05/2026 09:52;PHSILVA
22/05/2026 09:52;PHSILVA
22/05/2026 09:52;PHSILVA
22/05/2026 09:52;PHSILVA
22/05/2026 09:52;PHSILVA
22/05/2026 09:52;PHSILVA
22/05/2026 09:52;PHSILVA
22/05/2026 09:53;PHSILVA
22/05/2026 09:53;PHSILVA
22/05/2026 09:53;PHSILVA
22/05/2026 10:04;PHSILVA
22/05/2026 09:10;PHSILVA
22/05/2026 09:06;PHSILVA
22/05/2026 09:06;PHSILVA
22/05/2026 09:06;PHSILVA
22/05/2026 09:06;PHSILVA
22/05/2026 09:06;PHSILVA
22/05/2026 09:06;PHSILVA
22/05/2026 09:06;PHSILVA
22/05/2026 09:06;PHSILVA
22/05/2026 09:06;PHSILVA
22/05/2026 09:06;PHSILVA
22/05/2026 09:06;PHSILVA
22/05/2026 09:07;PHSILVA
22/05/2026 09:07;PHSILVA
22/05/2026 09:07;PHSILVA
22/05/2026 09:07;PHSILVA
22/05/2026 09:07;PHSILVA
22/05/2026 09:07;PHSILVA
22/05/2026 08:46;PHSILVA
22/05/2026 08:46;PHSILVA
22/05/2026 08:47;PHSILVA
22/05/2026 08:47;PHSILVA
22/05/2026 08:47;PHSILVA
22/05/2026 08:47;PHSILVA
22/05/2026 08:47;PHSILVA
22/05/2026 08:47;PHSILVA
22/05/2026 08:47;PHSILVA
22/05/2026 08:47;PHSILVA
22/05/2026 08:47;PHSILVA
22/05/2026 08:47;PHSILVA
22/05/2026 08:42;PHSILVA
22/05/2026 08:42;PHSILVA
22/05/2026 08:42;PHSILVA
22/05/2026 08:42;PHSILVA
22/05/2026 08:42;PHSILVA
22/05/2026 08:42;PHSILVA
22/05/2026 08:42;PHSILVA
22/05/2026 08:42;PHSILVA
22/05/2026 08:42;PHSILVA
22/05/2026 09:04;PHSILVA
22/05/2026 09:04;PHSILVA
22/05/2026 09:04;PHSILVA
22/05/2026 09:04;PHSILVA
22/05/2026 09:04;PHSILVA
22/05/2026 09:04;PHSILVA
22/05/2026 09:04;PHSILVA
22/05/2026 09:04;PHSILVA
22/05/2026 09:04;PHSILVA
22/05/2026 09:04;PHSILVA
22/05/2026 08:47;PHSILVA
22/05/2026 08:48;PHSILVA
22/05/2026 08:48;PHSILVA
22/05/2026 08:48;PHSILVA
22/05/2026 09:04;PHSILVA
22/05/2026 09:04;PHSILVA
22/05/2026 09:04;PHSILVA
22/05/2026 09:04;PHSILVA
22/05/2026 09:04;PHSILVA
22/05/2026 09:04;PHSILVA
22/05/2026 09:04;PHSILVA
22/05/2026 09:02;PHSILVA
22/05/2026 09:02;PHSILVA
22/05/2026 09:02;PHSILVA
22/05/2026 09:02;PHSILVA
22/05/2026 09:02;PHSILVA
22/05/2026 09:02;PHSILVA
22/05/2026 09:02;PHSILVA
22/05/2026 09:02;PHSILVA
22/05/2026 09:02;PHSILVA
22/05/2026 09:02;PHSILVA
22/05/2026 09:02;PHSILVA
22/05/2026 09:02;PHSILVA
22/05/2026 09:08;PHSILVA
22/05/2026 09:08;PHSILVA
22/05/2026 09:01;PHSILVA
22/05/2026 09:01;PHSILVA
22/05/2026 09:01;PHSILVA
22/05/2026 09:02;PHSILVA
22/05/2026 09:02;PHSILVA
22/05/2026 09:02;PHSILVA
22/05/2026 09:02;PHSILVA
22/05/2026 09:10;PHSILVA
22/05/2026 09:10;PHSILVA
22/05/2026 09:10;PHSILVA
22/05/2026 09:10;PHSILVA
22/05/2026 09:10;PHSILVA
22/05/2026 09:10;PHSILVA
22/05/2026 09:10;PHSILVA
22/05/2026 09:10;PHSILVA
22/05/2026 09:10;PHSILVA
22/05/2026 09:10;PHSILVA
22/05/2026 09:10;PHSILVA
22/05/2026 09:10;PHSILVA
22/05/2026 09:10;PHSILVA
22/05/2026 09:10;PHSILVA
22/05/2026 09:11;PHSILVA
22/05/2026 09:11;PHSILVA
22/05/2026 09:11;PHSILVA
22/05/2026 09:11;PHSILVA
22/05/2026 09:11;PHSILVA
22/05/2026 09:52;PHSILVA
22/05/2026 09:52;PHSILVA
22/05/2026 09:53;PHSILVA
22/05/2026 09:53;PHSILVA
22/05/2026 09:08;PHSILVA
22/05/2026 10:13;PHSILVA
22/05/2026 10:13;PHSILVA
22/05/2026 10:13;PHSILVA
22/05/2026 10:13;PHSILVA
22/05/2026 10:13;PHSILVA
22/05/2026 09:10;PHSILVA
22/05/2026 09:10;PHSILVA
22/05/2026 08:55;PHSILVA
22/05/2026 08:55;PHSILVA
22/05/2026 09:04;PHSILVA
22/05/2026 09:05;PHSILVA
22/05/2026 09:05;PHSILVA
22/05/2026 09:44;PHSILVA
22/05/2026 13:53;PHSILVA
22/05/2026 10:04;PHSILVA
22/05/2026 10:13;PHSILVA
22/05/2026 10:31;PHSILVA
22/05/2026 10:32;PHSILVA
22/05/2026 10:32;PHSILVA
22/05/2026 09:44;PHSILVA
22/05/2026 09:44;PHSILVA
22/05/2026 09:52;PHSILVA
22/05/2026 09:52;PHSILVA
22/05/2026 09:53;PHSILVA
22/05/2026 09:53;PHSILVA
22/05/2026 09:53;PHSILVA
22/05/2026 09:53;PHSILVA
22/05/2026 09:53;PHSILVA
22/05/2026 09:53;PHSILVA
22/05/2026 09:53;PHSILVA
22/05/2026 09:53;PHSILVA
22/05/2026 09:53;PHSILVA
22/05/2026 09:42;PHSILVA
22/05/2026 09:42;PHSILVA
22/05/2026 09:42;PHSILVA
22/05/2026 09:42;PHSILVA
22/05/2026 09:42;PHSILVA
22/05/2026 09:42;PHSILVA
22/05/2026 09:52;PHSILVA
22/05/2026 09:42;PHSILVA
22/05/2026 09:43;PHSILVA
22/05/2026 09:43;PHSILVA
22/05/2026 13:37;PHSILVA
22/05/2026 13:37;PHSILVA
22/05/2026 13:53;PHSILVA
22/05/2026 13:54;PHSILVA
22/05/2026 13:54;PHSILVA
22/05/2026 13:30;PHSILVA
22/05/2026 13:31;PHSILVA
22/05/2026 13:31;PHSILVA
22/05/2026 13:30;PHSILVA
22/05/2026 13:30;PHSILVA
22/05/2026 13:30;PHSILVA
22/05/2026 13:30;PHSILVA
22/05/2026 13:30;PHSILVA
22/05/2026 13:30;PHSILVA
22/05/2026 13:31;PHSILVA
22/05/2026 13:31;PHSILVA
22/05/2026 13:31;PHSILVA
22/05/2026 13:53;PHSILVA
22/05/2026 13:53;PHSILVA
22/05/2026 13:53;PHSILVA
22/05/2026 13:53;PHSILVA
22/05/2026 13:53;PHSILVA
22/05/2026 13:53;PHSILVA
22/05/2026 13:53;PHSILVA
22/05/2026 13:53;PHSILVA
22/05/2026 13:53;PHSILVA
22/05/2026 13:53;PHSILVA
22/05/2026 13:53;PHSILVA
22/05/2026 13:54;PHSILVA
22/05/2026 13:54;PHSILVA
22/05/2026 13:54;PHSILVA
22/05/2026 09:07;PHSILVA
22/05/2026 09:14;PHSILVA
22/05/2026 09:13;PHSILVA
22/05/2026 09:13;PHSILVA
22/05/2026 09:13;PHSILVA
22/05/2026 09:13;PHSILVA
22/05/2026 09:13;PHSILVA
22/05/2026 09:14;PHSILVA
22/05/2026 09:14;PHSILVA
22/05/2026 09:14;PHSILVA
22/05/2026 09:14;PHSILVA
22/05/2026 09:14;PHSILVA
22/05/2026 09:10;PHSILVA
22/05/2026 09:10;PHSILVA
22/05/2026 09:10;PHSILVA
22/05/2026 09:10;PHSILVA
22/05/2026 09:11;PHSILVA
22/05/2026 09:11;PHSILVA
22/05/2026 09:11;PHSILVA
22/05/2026 09:11;PHSILVA
22/05/2026 09:52;PHSILVA
22/05/2026 13:29;PHSILVA
22/05/2026 13:29;PHSILVA
22/05/2026 13:29;PHSILVA
22/05/2026 13:29;PHSILVA
22/05/2026 13:29;PHSILVA
22/05/2026 13:30;PHSILVA
22/05/2026 13:30;PHSILVA
22/05/2026 13:30;PHSILVA
22/05/2026 13:37;PHSILVA
22/05/2026 13:37;PHSILVA
22/05/2026 09:44;PHSILVA
22/05/2026 09:44;PHSILVA
22/05/2026 10:31;PHSILVA
22/05/2026 10:32;PHSILVA
22/05/2026 10:32;PHSILVA
22/05/2026 10:32;PHSILVA
22/05/2026 10:32;PHSILVA
22/05/2026 10:41;PHSILVA
22/05/2026 10:41;PHSILVA
22/05/2026 10:41;PHSILVA
22/05/2026 10:41;PHSILVA
22/05/2026 10:13;PHSILVA
22/05/2026 10:13;PHSILVA
22/05/2026 10:13;PHSILVA
22/05/2026 10:13;PHSILVA
22/05/2026 13:54;PHSILVA
22/05/2026 13:54;PHSILVA
22/05/2026 08:46;PHSILVA
22/05/2026 08:46;PHSILVA
22/05/2026 08:47;PHSILVA
22/05/2026 08:47;PHSILVA
22/05/2026 08:47;PHSILVA
22/05/2026 08:47;PHSILVA
22/05/2026 08:47;PHSILVA
22/05/2026 08:47;PHSILVA
22/05/2026 08:47;PHSILVA
22/05/2026 08:47;PHSILVA
22/05/2026 08:47;PHSILVA
22/05/2026 08:47;PHSILVA
22/05/2026 09:42;PHSILVA
22/05/2026 09:42;PHSILVA
22/05/2026 09:42;PHSILVA
22/05/2026 09:43;PHSILVA
22/05/2026 09:44;PHSILVA
22/05/2026 09:44;PHSILVA
22/05/2026 08:41;PHSILVA
22/05/2026 08:41;PHSILVA
22/05/2026 08:41;PHSILVA
22/05/2026 08:41;PHSILVA
22/05/2026 08:41;PHSILVA
22/05/2026 08:42;PHSILVA
22/05/2026 08:42;PHSILVA
22/05/2026 08:42;PHSILVA
22/05/2026 08:42;PHSILVA
22/05/2026 08:54;PHSILVA
22/05/2026 08:54;PHSILVA
22/05/2026 08:54;PHSILVA
22/05/2026 08:54;PHSILVA
22/05/2026 08:55;PHSILVA
22/05/2026 08:55;PHSILVA
22/05/2026 08:55;PHSILVA
22/05/2026 08:55;PHSILVA
22/05/2026 08:55;PHSILVA
22/05/2026 08:55;PHSILVA
22/05/2026 08:59;PHSILVA
22/05/2026 08:59;PHSILVA
22/05/2026 08:59;PHSILVA
22/05/2026 08:59;PHSILVA
22/05/2026 08:59;PHSILVA
22/05/2026 08:59;PHSILVA
22/05/2026 08:59;PHSILVA
22/05/2026 08:59;PHSILVA
22/05/2026 08:59;PHSILVA
22/05/2026 08:59;PHSILVA
22/05/2026 08:59;PHSILVA
22/05/2026 08:59;PHSILVA
22/05/2026 08:59;PHSILVA
22/05/2026 08:59;PHSILVA
22/05/2026 08:59;PHSILVA
22/05/2026 08:59;PHSILVA
22/05/2026 09:13;PHSILVA
22/05/2026 09:13;PHSILVA
22/05/2026 09:13;PHSILVA
22/05/2026 09:13;PHSILVA
22/05/2026 08:59;PHSILVA
22/05/2026 09:13;PHSILVA
22/05/2026 09:14;PHSILVA
22/05/2026 09:14;PHSILVA
22/05/2026 09:14;PHSILVA
22/05/2026 09:14;PHSILVA
22/05/2026 10:11;PHSILVA
22/05/2026 10:11;PHSILVA
22/05/2026 10:11;PHSILVA
22/05/2026 10:11;PHSILVA
22/05/2026 10:04;PHSILVA
22/05/2026 10:04;PHSILVA
22/05/2026 10:04;PHSILVA
22/05/2026 10:31;PHSILVA
22/05/2026 10:31;PHSILVA
22/05/2026 10:32;PHSILVA
22/05/2026 10:32;PHSILVA
22/05/2026 10:32;PHSILVA
22/05/2026 10:32;PHSILVA
22/05/2026 10:32;PHSILVA
22/05/2026 10:32;PHSILVA
22/05/2026 10:32;PHSILVA
22/05/2026 10:32;PHSILVA
22/05/2026 10:32;PHSILVA
22/05/2026 10:32;PHSILVA
22/05/2026 10:04;PHSILVA
22/05/2026 10:04;PHSILVA
22/05/2026 10:04;PHSILVA
22/05/2026 10:14;PHSILVA
22/05/2026 10:44;PHSILVA
22/05/2026 10:41;PHSILVA
22/05/2026 10:41;PHSILVA
22/05/2026 10:41;PHSILVA
22/05/2026 10:41;PHSILVA
22/05/2026 10:41;PHSILVA
22/05/2026 10:41;PHSILVA
22/05/2026 10:41;PHSILVA
22/05/2026 10:41;PHSILVA
22/05/2026 10:41;PHSILVA
22/05/2026 10:41;PHSILVA
22/05/2026 10:41;PHSILVA
22/05/2026 10:41;PHSILVA
22/05/2026 10:41;PHSILVA
22/05/2026 10:41;PHSILVA
22/05/2026 10:41;PHSILVA
22/05/2026 10:10;PHSILVA
22/05/2026 10:10;PHSILVA
22/05/2026 10:10;PHSILVA
22/05/2026 10:10;PHSILVA
22/05/2026 10:10;PHSILVA
22/05/2026 10:10;PHSILVA
22/05/2026 10:10;PHSILVA
22/05/2026 10:10;PHSILVA
22/05/2026 10:10;PHSILVA
22/05/2026 10:10;PHSILVA
22/05/2026 10:05;PHSILVA
22/05/2026 10:41;PHSILVA
22/05/2026 10:11;PHSILVA
22/05/2026 10:11;PHSILVA
22/05/2026 10:11;PHSILVA
22/05/2026 10:11;PHSILVA
22/05/2026 10:44;PHSILVA
22/05/2026 08:55;PHSILVA
22/05/2026 08:55;PHSILVA
22/05/2026 08:55;PHSILVA
22/05/2026 08:55;PHSILVA
22/05/2026 08:55;PHSILVA
22/05/2026 08:55;PHSILVA
22/05/2026 08:55;PHSILVA
22/05/2026 08:55;PHSILVA
22/05/2026 08:55;PHSILVA
22/05/2026 08:55;PHSILVA
22/05/2026 08:55;PHSILVA
22/05/2026 08:55;PHSILVA
22/05/2026 09:04;PHSILVA
22/05/2026 09:04;PHSILVA
22/05/2026 09:04;PHSILVA
22/05/2026 09:04;PHSILVA
22/05/2026 09:04;PHSILVA
22/05/2026 09:04;PHSILVA
22/05/2026 09:04;PHSILVA
22/05/2026 09:04;PHSILVA
22/05/2026 09:05;PHSILVA
22/05/2026 09:04;PHSILVA
22/05/2026 08:48;PHSILVA
22/05/2026 08:48;PHSILVA
22/05/2026 08:41;PHSILVA
22/05/2026 08:41;PHSILVA
22/05/2026 08:42;PHSILVA
22/05/2026 08:42;PHSILVA
22/05/2026 08:42;PHSILVA
22/05/2026 08:42;PHSILVA
22/05/2026 08:42;PHSILVA
22/05/2026 08:59;PHSILVA
22/05/2026 08:59;PHSILVA
22/05/2026 08:42;PHSILVA
22/05/2026 08:42;PHSILVA
22/05/2026 08:42;PHSILVA
22/05/2026 08:42;PHSILVA
22/05/2026 08:42;PHSILVA
22/05/2026 09:02;PHSILVA
22/05/2026 08:59;PHSILVA
22/05/2026 10:04;PHSILVA
22/05/2026 10:05;PHSILVA
22/05/2026 10:05;PHSILVA
22/05/2026 10:05;PHSILVA
22/05/2026 10:05;PHSILVA
22/05/2026 10:04;PHSILVA
22/05/2026 10:04;PHSILVA
22/05/2026 10:04;PHSILVA
22/05/2026 10:14;PHSILVA
22/05/2026 10:15;PHSILVA
22/05/2026 10:15;PHSILVA
22/05/2026 10:10;PHSILVA
22/05/2026 10:10;PHSILVA
22/05/2026 10:10;PHSILVA
22/05/2026 10:10;PHSILVA
22/05/2026 10:10;PHSILVA
22/05/2026 10:10;PHSILVA
22/05/2026 10:10;PHSILVA
22/05/2026 10:10;PHSILVA
22/05/2026 10:10;PHSILVA
22/05/2026 10:10;PHSILVA
22/05/2026 10:10;PHSILVA
22/05/2026 10:10;PHSILVA
22/05/2026 09:47;RYAN.VEIGA
22/05/2026 09:47;RYAN.VEIGA
22/05/2026 09:47;RYAN.VEIGA
22/05/2026 09:37;RYAN.VEIGA
22/05/2026 09:38;RYAN.VEIGA
22/05/2026 09:38;RYAN.VEIGA
22/05/2026 09:38;RYAN.VEIGA
22/05/2026 09:41;RYAN.VEIGA
22/05/2026 09:41;RYAN.VEIGA
22/05/2026 09:43;RYAN.VEIGA
22/05/2026 09:43;RYAN.VEIGA
22/05/2026 09:44;RYAN.VEIGA
22/05/2026 09:44;RYAN.VEIGA
22/05/2026 09:44;RYAN.VEIGA
22/05/2026 09:47;RYAN.VEIGA
22/05/2026 09:47;RYAN.VEIGA
22/05/2026 09:47;RYAN.VEIGA
22/05/2026 09:47;RYAN.VEIGA
22/05/2026 09:47;RYAN.VEIGA
22/05/2026 09:47;RYAN.VEIGA
22/05/2026 09:47;RYAN.VEIGA
22/05/2026 09:45;RYAN.VEIGA
22/05/2026 09:45;RYAN.VEIGA
22/05/2026 09:45;RYAN.VEIGA
22/05/2026 09:45;RYAN.VEIGA
22/05/2026 09:37;RYAN.VEIGA
22/05/2026 09:37;RYAN.VEIGA
22/05/2026 09:37;RYAN.VEIGA
22/05/2026 09:38;RYAN.VEIGA
22/05/2026 09:45;RYAN.VEIGA
22/05/2026 09:45;RYAN.VEIGA
22/05/2026 09:45;RYAN.VEIGA
22/05/2026 09:45;RYAN.VEIGA
22/05/2026 09:37;RYAN.VEIGA
22/05/2026 09:37;RYAN.VEIGA
22/05/2026 09:37;RYAN.VEIGA
22/05/2026 09:37;RYAN.VEIGA
22/05/2026 09:45;RYAN.VEIGA
22/05/2026 09:38;RYAN.VEIGA
22/05/2026 09:45;RYAN.VEIGA
22/05/2026 09:45;RYAN.VEIGA
22/05/2026 09:45;RYAN.VEIGA
22/05/2026 09:45;RYAN.VEIGA
22/05/2026 09:43;RYAN.VEIGA
22/05/2026 09:37;RYAN.VEIGA
22/05/2026 09:44;RYAN.VEIGA
22/05/2026 09:45;RYAN.VEIGA
22/05/2026 09:45;RYAN.VEIGA
22/05/2026 09:45;RYAN.VEIGA
22/05/2026 09:41;RYAN.VEIGA
22/05/2026 09:43;RYAN.VEIGA
22/05/2026 09:43;RYAN.VEIGA
22/05/2026 09:43;RYAN.VEIGA
22/05/2026 09:43;RYAN.VEIGA
22/05/2026 09:43;RYAN.VEIGA
22/05/2026 09:44;RYAN.VEIGA
22/05/2026 09:44;RYAN.VEIGA
22/05/2026 09:44;RYAN.VEIGA
22/05/2026 09:44;RYAN.VEIGA
22/05/2026 09:37;RYAN.VEIGA
22/05/2026 11:22;PAULO.TELES
22/05/2026 11:22;PAULO.TELES
22/05/2026 11:22;PAULO.TELES
22/05/2026 11:22;PAULO.TELES
22/05/2026 11:22;PAULO.TELES
22/05/2026 11:22;PAULO.TELES
22/05/2026 11:22;PAULO.TELES
22/05/2026 11:32;PAULO.TELES
22/05/2026 11:32;PAULO.TELES
22/05/2026 11:32;PAULO.TELES
22/05/2026 11:32;PAULO.TELES
22/05/2026 11:32;PAULO.TELES
22/05/2026 11:33;PAULO.TELES
22/05/2026 11:33;PAULO.TELES
22/05/2026 12:03;PAULO.TELES
22/05/2026 10:28;PAULO.TELES
22/05/2026 10:28;PAULO.TELES
22/05/2026 10:28;PAULO.TELES
22/05/2026 11:33;PAULO.TELES
22/05/2026 10:28;PAULO.TELES
22/05/2026 10:28;PAULO.TELES
22/05/2026 10:28;PAULO.TELES
22/05/2026 10:28;PAULO.TELES
22/05/2026 10:28;PAULO.TELES
22/05/2026 10:28;PAULO.TELES
22/05/2026 10:28;PAULO.TELES
22/05/2026 11:36;PAULO.TELES
22/05/2026 11:37;PAULO.TELES
22/05/2026 11:47;PAULO.TELES
22/05/2026 11:47;PAULO.TELES
22/05/2026 11:17;PAULO.TELES
22/05/2026 10:26;PAULO.TELES
22/05/2026 10:26;PAULO.TELES
22/05/2026 10:26;PAULO.TELES
22/05/2026 11:18;PAULO.TELES
22/05/2026 11:18;PAULO.TELES
22/05/2026 11:24;PAULO.TELES
22/05/2026 11:24;PAULO.TELES
22/05/2026 11:24;PAULO.TELES
22/05/2026 11:24;PAULO.TELES
22/05/2026 11:25;PAULO.TELES
22/05/2026 11:26;PAULO.TELES
22/05/2026 11:26;PAULO.TELES
22/05/2026 11:26;PAULO.TELES
22/05/2026 11:26;PAULO.TELES
22/05/2026 11:26;PAULO.TELES
22/05/2026 11:26;PAULO.TELES
22/05/2026 11:26;PAULO.TELES
22/05/2026 11:26;PAULO.TELES
22/05/2026 11:26;PAULO.TELES
22/05/2026 12:12;PAULO.TELES
22/05/2026 12:12;PAULO.TELES
22/05/2026 11:36;PAULO.TELES
22/05/2026 10:00;PAULO.TELES
22/05/2026 10:00;PAULO.TELES
22/05/2026 10:01;PAULO.TELES
22/05/2026 10:01;PAULO.TELES
22/05/2026 10:13;PAULO.TELES
22/05/2026 10:13;PAULO.TELES
22/05/2026 10:13;PAULO.TELES
22/05/2026 10:13;PAULO.TELES
22/05/2026 10:22;PAULO.TELES
22/05/2026 10:22;PAULO.TELES
22/05/2026 10:22;PAULO.TELES
22/05/2026 10:22;PAULO.TELES
22/05/2026 10:23;PAULO.TELES
22/05/2026 09:24;PAULO.TELES
22/05/2026 09:24;PAULO.TELES
22/05/2026 09:24;PAULO.TELES
22/05/2026 09:24;PAULO.TELES
22/05/2026 09:37;PAULO.TELES
22/05/2026 09:37;PAULO.TELES
22/05/2026 09:38;PAULO.TELES
22/05/2026 09:38;PAULO.TELES
22/05/2026 09:38;PAULO.TELES
22/05/2026 09:38;PAULO.TELES
22/05/2026 09:38;PAULO.TELES
22/05/2026 09:38;PAULO.TELES
22/05/2026 09:38;PAULO.TELES
22/05/2026 09:38;PAULO.TELES
22/05/2026 09:38;PAULO.TELES
22/05/2026 09:38;PAULO.TELES
22/05/2026 10:14;PAULO.TELES
22/05/2026 10:14;PAULO.TELES
22/05/2026 13:52;PAULO.TELES
22/05/2026 13:52;PAULO.TELES
22/05/2026 13:52;PAULO.TELES
22/05/2026 13:52;PAULO.TELES
22/05/2026 13:52;PAULO.TELES
22/05/2026 13:52;PAULO.TELES
22/05/2026 13:52;PAULO.TELES
22/05/2026 13:52;PAULO.TELES
22/05/2026 10:06;PAULO.TELES
22/05/2026 10:06;PAULO.TELES
22/05/2026 10:06;PAULO.TELES
22/05/2026 10:06;PAULO.TELES
22/05/2026 10:06;PAULO.TELES
22/05/2026 10:06;PAULO.TELES
22/05/2026 10:06;PAULO.TELES
22/05/2026 10:13;PAULO.TELES
22/05/2026 09:43;PAULO.TELES
22/05/2026 09:43;PAULO.TELES
22/05/2026 09:43;PAULO.TELES
22/05/2026 09:43;PAULO.TELES
22/05/2026 09:43;PAULO.TELES
22/05/2026 09:44;PAULO.TELES
22/05/2026 10:22;PAULO.TELES
22/05/2026 10:22;PAULO.TELES
22/05/2026 10:22;PAULO.TELES
22/05/2026 10:23;PAULO.TELES
22/05/2026 10:23;PAULO.TELES
22/05/2026 10:23;PAULO.TELES
22/05/2026 10:23;PAULO.TELES
22/05/2026 10:23;PAULO.TELES
22/05/2026 10:23;PAULO.TELES
22/05/2026 09:44;PAULO.TELES
22/05/2026 11:03;PAULO.TELES
22/05/2026 11:03;PAULO.TELES
22/05/2026 11:03;PAULO.TELES
22/05/2026 09:43;PAULO.TELES
22/05/2026 09:43;PAULO.TELES
22/05/2026 11:40;PAULO.TELES
22/05/2026 11:40;PAULO.TELES
22/05/2026 11:41;PAULO.TELES
22/05/2026 11:41;PAULO.TELES
22/05/2026 11:41;PAULO.TELES
22/05/2026 11:41;PAULO.TELES
22/05/2026 11:26;PAULO.TELES
22/05/2026 13:33;PAULO.TELES
22/05/2026 13:38;PAULO.TELES
22/05/2026 13:38;PAULO.TELES
22/05/2026 13:38;PAULO.TELES
22/05/2026 13:38;PAULO.TELES
22/05/2026 13:38;PAULO.TELES
22/05/2026 13:33;PAULO.TELES
22/05/2026 13:33;PAULO.TELES
22/05/2026 13:33;PAULO.TELES
22/05/2026 13:33;PAULO.TELES
22/05/2026 13:33;PAULO.TELES
22/05/2026 13:31;PAULO.TELES
22/05/2026 13:33;PAULO.TELES
22/05/2026 13:23;PAULO.TELES
22/05/2026 13:52;PAULO.TELES
22/05/2026 13:52;PAULO.TELES
22/05/2026 13:52;PAULO.TELES
22/05/2026 13:52;PAULO.TELES
22/05/2026 13:53;PAULO.TELES
22/05/2026 09:37;PAULO.TELES
22/05/2026 09:37;PAULO.TELES
22/05/2026 09:38;PAULO.TELES
22/05/2026 09:38;PAULO.TELES
22/05/2026 09:38;PAULO.TELES
22/05/2026 09:38;PAULO.TELES
22/05/2026 11:33;PAULO.TELES
22/05/2026 11:33;PAULO.TELES
22/05/2026 10:59;PAULO.TELES
22/05/2026 11:00;PAULO.TELES
22/05/2026 11:00;PAULO.TELES
22/05/2026 11:00;PAULO.TELES
22/05/2026 11:00;PAULO.TELES
22/05/2026 11:47;PAULO.TELES
22/05/2026 11:47;PAULO.TELES
22/05/2026 11:47;PAULO.TELES
22/05/2026 11:47;PAULO.TELES
22/05/2026 12:02;PAULO.TELES
22/05/2026 12:02;PAULO.TELES
22/05/2026 12:02;PAULO.TELES
22/05/2026 11:49;PAULO.TELES
22/05/2026 11:49;PAULO.TELES
22/05/2026 11:49;PAULO.TELES
22/05/2026 11:49;PAULO.TELES
22/05/2026 11:10;PAULO.TELES
22/05/2026 11:11;PAULO.TELES
22/05/2026 11:11;PAULO.TELES
22/05/2026 12:03;PAULO.TELES
22/05/2026 12:12;PAULO.TELES
22/05/2026 12:12;PAULO.TELES
22/05/2026 12:12;PAULO.TELES
22/05/2026 11:24;PAULO.TELES
22/05/2026 11:24;PAULO.TELES
22/05/2026 11:11;PAULO.TELES
22/05/2026 11:17;PAULO.TELES
22/05/2026 11:17;PAULO.TELES
22/05/2026 11:17;PAULO.TELES
22/05/2026 11:17;PAULO.TELES
22/05/2026 11:17;PAULO.TELES
22/05/2026 11:18;PAULO.TELES
22/05/2026 11:18;PAULO.TELES
22/05/2026 12:14;PAULO.TELES
22/05/2026 12:14;PAULO.TELES
22/05/2026 12:14;PAULO.TELES
22/05/2026 12:14;PAULO.TELES
22/05/2026 12:14;PAULO.TELES
22/05/2026 13:28;PAULO.TELES
22/05/2026 13:28;PAULO.TELES
22/05/2026 13:31;PAULO.TELES
22/05/2026 13:31;PAULO.TELES
22/05/2026 13:31;PAULO.TELES
22/05/2026 13:31;PAULO.TELES
22/05/2026 13:28;PAULO.TELES
22/05/2026 13:23;PAULO.TELES
22/05/2026 13:23;PAULO.TELES
22/05/2026 13:23;PAULO.TELES
22/05/2026 13:23;PAULO.TELES
22/05/2026 13:24;PAULO.TELES
22/05/2026 13:24;PAULO.TELES
22/05/2026 13:38;PAULO.TELES
22/05/2026 13:38;PAULO.TELES
22/05/2026 13:38;PAULO.TELES
22/05/2026 13:33;PAULO.TELES
22/05/2026 13:33;PAULO.TELES
22/05/2026 13:33;PAULO.TELES
22/05/2026 13:33;PAULO.TELES
22/05/2026 13:25;PAULO.TELES
22/05/2026 13:24;PAULO.TELES
22/05/2026 13:28;PAULO.TELES
22/05/2026 13:28;PAULO.TELES
22/05/2026 13:38;PAULO.TELES
22/05/2026 13:38;PAULO.TELES
22/05/2026 09:37;PAULO.TELES
22/05/2026 09:38;PAULO.TELES
22/05/2026 09:43;PAULO.TELES
22/05/2026 10:48;PAULO.TELES
22/05/2026 10:48;PAULO.TELES
22/05/2026 10:48;PAULO.TELES
22/05/2026 10:48;PAULO.TELES
22/05/2026 10:48;PAULO.TELES
22/05/2026 10:48;PAULO.TELES
22/05/2026 11:47;PAULO.TELES
22/05/2026 11:47;PAULO.TELES
22/05/2026 11:47;PAULO.TELES
22/05/2026 11:47;PAULO.TELES
22/05/2026 11:49;PAULO.TELES
22/05/2026 11:49;PAULO.TELES
22/05/2026 11:49;PAULO.TELES
22/05/2026 13:23;PAULO.TELES
22/05/2026 13:23;PAULO.TELES
22/05/2026 13:23;PAULO.TELES
22/05/2026 13:23;PAULO.TELES
22/05/2026 13:24;PAULO.TELES
22/05/2026 13:24;PAULO.TELES
22/05/2026 13:24;PAULO.TELES
22/05/2026 12:04;PAULO.TELES
22/05/2026 12:04;PAULO.TELES
22/05/2026 12:04;PAULO.TELES
22/05/2026 12:04;PAULO.TELES
22/05/2026 11:50;PAULO.TELES
22/05/2026 13:24;PAULO.TELES
22/05/2026 13:24;PAULO.TELES
22/05/2026 13:24;PAULO.TELES
22/05/2026 13:24;PAULO.TELES
22/05/2026 11:00;PAULO.TELES
22/05/2026 11:03;PAULO.TELES
22/05/2026 11:03;PAULO.TELES
22/05/2026 10:47;PAULO.TELES
22/05/2026 10:47;PAULO.TELES
22/05/2026 10:48;PAULO.TELES
22/05/2026 10:48;PAULO.TELES
22/05/2026 10:48;PAULO.TELES
22/05/2026 11:03;PAULO.TELES
22/05/2026 11:03;PAULO.TELES
22/05/2026 10:13;PAULO.TELES
22/05/2026 10:13;PAULO.TELES
22/05/2026 10:47;PAULO.TELES
22/05/2026 10:47;PAULO.TELES
22/05/2026 10:47;PAULO.TELES
22/05/2026 10:48;PAULO.TELES
22/05/2026 10:48;PAULO.TELES
22/05/2026 10:48;PAULO.TELES
22/05/2026 10:48;PAULO.TELES
22/05/2026 10:48;PAULO.TELES
22/05/2026 11:11;PAULO.TELES
22/05/2026 11:12;PAULO.TELES
22/05/2026 10:13;PAULO.TELES
22/05/2026 10:13;PAULO.TELES
22/05/2026 10:13;PAULO.TELES
22/05/2026 11:11;PAULO.TELES
22/05/2026 11:11;PAULO.TELES
22/05/2026 10:59;PAULO.TELES
22/05/2026 10:59;PAULO.TELES
22/05/2026 10:59;PAULO.TELES
22/05/2026 11:00;PAULO.TELES
22/05/2026 11:00;PAULO.TELES
22/05/2026 11:00;PAULO.TELES
22/05/2026 11:00;PAULO.TELES
22/05/2026 11:00;PAULO.TELES
22/05/2026 12:04;PAULO.TELES
22/05/2026 11:37;PAULO.TELES
22/05/2026 11:37;PAULO.TELES
22/05/2026 11:37;PAULO.TELES
22/05/2026 11:41;PAULO.TELES
22/05/2026 11:41;PAULO.TELES
22/05/2026 11:41;PAULO.TELES
22/05/2026 11:41;PAULO.TELES
22/05/2026 11:41;PAULO.TELES
22/05/2026 11:41;PAULO.TELES
22/05/2026 11:42;PAULO.TELES
22/05/2026 11:42;PAULO.TELES
22/05/2026 11:42;PAULO.TELES
22/05/2026 11:42;PAULO.TELES
22/05/2026 13:48;PAULO.TELES
22/05/2026 13:48;PAULO.TELES
22/05/2026 13:49;PAULO.TELES
22/05/2026 13:49;PAULO.TELES
22/05/2026 13:52;PAULO.TELES
22/05/2026 13:49;PAULO.TELES
22/05/2026 13:49;PAULO.TELES
22/05/2026 13:49;PAULO.TELES
22/05/2026 13:49;PAULO.TELES
22/05/2026 13:49;PAULO.TELES
22/05/2026 13:49;PAULO.TELES
22/05/2026 13:49;PAULO.TELES
22/05/2026 13:49;PAULO.TELES
22/05/2026 13:49;PAULO.TELES
22/05/2026 13:49;PAULO.TELES
22/05/2026 13:49;PAULO.TELES
22/05/2026 12:03;PAULO.TELES
22/05/2026 12:03;PAULO.TELES
22/05/2026 12:03;PAULO.TELES
22/05/2026 12:03;PAULO.TELES
22/05/2026 12:04;PAULO.TELES
22/05/2026 12:04;PAULO.TELES
22/05/2026 11:41;PAULO.TELES
22/05/2026 11:42;PAULO.TELES
22/05/2026 11:42;PAULO.TELES
22/05/2026 11:42;PAULO.TELES
22/05/2026 12:04;PAULO.TELES
22/05/2026 12:04;PAULO.TELES
22/05/2026 13:52;PAULO.TELES
22/05/2026 13:52;PAULO.TELES
22/05/2026 09:25;PAULO.TELES
22/05/2026 09:43;PAULO.TELES
22/05/2026 09:43;PAULO.TELES
22/05/2026 09:44;PAULO.TELES
22/05/2026 09:44;PAULO.TELES
22/05/2026 09:44;PAULO.TELES
22/05/2026 09:44;PAULO.TELES
22/05/2026 09:44;PAULO.TELES
22/05/2026 09:44;PAULO.TELES
22/05/2026 09:44;PAULO.TELES
22/05/2026 09:44;PAULO.TELES
22/05/2026 09:24;PAULO.TELES
22/05/2026 09:24;PAULO.TELES
22/05/2026 09:24;PAULO.TELES
22/05/2026 09:24;PAULO.TELES
22/05/2026 09:25;PAULO.TELES
22/05/2026 09:24;PAULO.TELES
22/05/2026 09:24;PAULO.TELES
22/05/2026 09:24;PAULO.TELES
22/05/2026 09:24;PAULO.TELES
22/05/2026 09:24;PAULO.TELES
22/05/2026 09:24;PAULO.TELES
22/05/2026 09:24;PAULO.TELES
22/05/2026 09:25;PAULO.TELES
22/05/2026 09:25;PAULO.TELES
22/05/2026 09:25;PAULO.TELES
22/05/2026 10:14;PAULO.TELES
22/05/2026 10:14;PAULO.TELES
22/05/2026 10:26;PAULO.TELES
22/05/2026 10:23;PAULO.TELES
22/05/2026 10:14;PAULO.TELES
22/05/2026 10:14;PAULO.TELES
22/05/2026 10:14;PAULO.TELES
22/05/2026 10:14;PAULO.TELES
22/05/2026 10:26;PAULO.TELES
22/05/2026 10:06;PAULO.TELES
22/05/2026 10:06;PAULO.TELES
22/05/2026 10:06;PAULO.TELES
22/05/2026 10:06;PAULO.TELES
22/05/2026 11:24;PAULO.TELES
22/05/2026 11:24;PAULO.TELES
22/05/2026 11:24;PAULO.TELES
22/05/2026 10:01;PAULO.TELES
22/05/2026 10:01;PAULO.TELES
22/05/2026 10:01;PAULO.TELES
22/05/2026 10:26;PAULO.TELES
22/05/2026 10:26;PAULO.TELES
22/05/2026 10:26;PAULO.TELES
22/05/2026 11:03;PAULO.TELES
22/05/2026 11:03;PAULO.TELES
22/05/2026 11:03;PAULO.TELES
22/05/2026 12:02;PAULO.TELES
22/05/2026 10:25;PAULO.TELES
22/05/2026 10:25;PAULO.TELES
22/05/2026 11:00;PAULO.TELES
22/05/2026 11:00;PAULO.TELES
22/05/2026 11:00;PAULO.TELES
22/05/2026 11:00;PAULO.TELES
22/05/2026 11:00;PAULO.TELES
22/05/2026 11:11;PAULO.TELES
22/05/2026 11:11;PAULO.TELES
22/05/2026 11:22;PAULO.TELES
22/05/2026 10:48;PAULO.TELES
22/05/2026 11:22;PAULO.TELES
22/05/2026 11:22;PAULO.TELES
22/05/2026 09:59;PAULO.TELES
22/05/2026 10:00;PAULO.TELES
22/05/2026 10:00;PAULO.TELES
22/05/2026 10:00;PAULO.TELES
22/05/2026 10:00;PAULO.TELES
22/05/2026 10:00;PAULO.TELES
22/05/2026 10:00;PAULO.TELES
22/05/2026 10:00;PAULO.TELES
22/05/2026 12:03;PAULO.TELES
22/05/2026 10:00;PAULO.TELES
22/05/2026 10:00;PAULO.TELES
22/05/2026 10:01;PAULO.TELES
22/05/2026 10:01;PAULO.TELES
22/05/2026 12:17;PAULO.TELES
22/05/2026 12:18;PAULO.TELES
22/05/2026 12:19;PAULO.TELES
22/05/2026 11:00;PAULO.TELES
22/05/2026 10:01;PAULO.TELES
22/05/2026 10:06;PAULO.TELES
22/05/2026 10:06;PAULO.TELES
22/05/2026 10:06;PAULO.TELES
22/05/2026 10:06;PAULO.TELES
22/05/2026 10:14;PAULO.TELES
22/05/2026 10:14;PAULO.TELES
22/05/2026 10:23;PAULO.TELES
22/05/2026 10:23;PAULO.TELES
22/05/2026 10:23;PAULO.TELES
22/05/2026 10:23;PAULO.TELES
22/05/2026 10:23;PAULO.TELES
22/05/2026 11:36;PAULO.TELES
22/05/2026 12:16;PAULO.TELES
22/05/2026 11:36;PAULO.TELES
22/05/2026 11:36;PAULO.TELES
22/05/2026 11:21;JOSE.SILVA
22/05/2026 11:21;JOSE.SILVA
22/05/2026 11:22;JOSE.SILVA
22/05/2026 11:22;JOSE.SILVA
22/05/2026 11:22;JOSE.SILVA
22/05/2026 11:22;JOSE.SILVA
22/05/2026 11:22;JOSE.SILVA
22/05/2026 11:22;JOSE.SILVA
22/05/2026 10:46;JOSE.SILVA
22/05/2026 10:46;JOSE.SILVA
22/05/2026 10:46;JOSE.SILVA
22/05/2026 10:46;JOSE.SILVA
22/05/2026 10:46;JOSE.SILVA
22/05/2026 10:46;JOSE.SILVA
22/05/2026 11:36;JOSE.SILVA
22/05/2026 11:36;JOSE.SILVA
22/05/2026 11:36;JOSE.SILVA
22/05/2026 11:36;JOSE.SILVA
22/05/2026 11:36;JOSE.SILVA
22/05/2026 11:37;JOSE.SILVA
22/05/2026 11:37;JOSE.SILVA
22/05/2026 11:37;JOSE.SILVA
22/05/2026 11:37;JOSE.SILVA
22/05/2026 12:19;JOSE.SILVA
22/05/2026 12:19;JOSE.SILVA
22/05/2026 12:19;JOSE.SILVA
22/05/2026 11:36;JOSE.SILVA
22/05/2026 11:36;JOSE.SILVA
22/05/2026 11:36;JOSE.SILVA
22/05/2026 10:51;JOSE.SILVA
22/05/2026 10:52;JOSE.SILVA
22/05/2026 10:52;JOSE.SILVA
22/05/2026 10:52;JOSE.SILVA
22/05/2026 10:51;JOSE.SILVA
22/05/2026 10:45;JOSE.SILVA
22/05/2026 10:45;JOSE.SILVA
22/05/2026 10:45;JOSE.SILVA
22/05/2026 10:32;JOSE.SILVA
22/05/2026 10:32;JOSE.SILVA
22/05/2026 10:32;JOSE.SILVA
22/05/2026 10:43;JOSE.SILVA
22/05/2026 10:52;JOSE.SILVA
22/05/2026 10:52;JOSE.SILVA
22/05/2026 11:02;JOSE.SILVA
22/05/2026 11:03;JOSE.SILVA
22/05/2026 11:03;JOSE.SILVA
22/05/2026 11:04;JOSE.SILVA
22/05/2026 10:59;JOSE.SILVA
22/05/2026 10:59;JOSE.SILVA
22/05/2026 11:08;JOSE.SILVA
22/05/2026 11:08;JOSE.SILVA
22/05/2026 11:08;JOSE.SILVA
22/05/2026 11:08;JOSE.SILVA
22/05/2026 11:08;JOSE.SILVA
22/05/2026 11:08;JOSE.SILVA
22/05/2026 11:09;JOSE.SILVA
22/05/2026 11:09;JOSE.SILVA
22/05/2026 11:09;JOSE.SILVA
22/05/2026 12:28;JOSE.SILVA
22/05/2026 11:11;JOSE.SILVA
22/05/2026 11:11;JOSE.SILVA
22/05/2026 10:32;JOSE.SILVA
22/05/2026 10:32;JOSE.SILVA
22/05/2026 10:32;JOSE.SILVA
22/05/2026 10:32;JOSE.SILVA
22/05/2026 10:32;JOSE.SILVA
22/05/2026 10:32;JOSE.SILVA
22/05/2026 10:37;JOSE.SILVA
22/05/2026 10:37;JOSE.SILVA
22/05/2026 10:37;JOSE.SILVA
22/05/2026 10:37;JOSE.SILVA
22/05/2026 10:37;JOSE.SILVA
22/05/2026 10:37;JOSE.SILVA
22/05/2026 10:37;JOSE.SILVA
22/05/2026 10:37;JOSE.SILVA
22/05/2026 10:37;JOSE.SILVA
22/05/2026 10:37;JOSE.SILVA
22/05/2026 10:46;JOSE.SILVA
22/05/2026 10:46;JOSE.SILVA
22/05/2026 12:20;JOSE.SILVA
22/05/2026 10:45;JOSE.SILVA
22/05/2026 10:53;JOSE.SILVA
22/05/2026 11:03;JOSE.SILVA
22/05/2026 11:03;JOSE.SILVA
22/05/2026 11:03;JOSE.SILVA
22/05/2026 11:12;JOSE.SILVA
22/05/2026 11:12;JOSE.SILVA
22/05/2026 11:12;JOSE.SILVA
22/05/2026 11:12;JOSE.SILVA
22/05/2026 11:11;JOSE.SILVA
22/05/2026 11:11;JOSE.SILVA
22/05/2026 10:59;JOSE.SILVA
22/05/2026 10:59;JOSE.SILVA
22/05/2026 10:59;JOSE.SILVA
22/05/2026 11:00;JOSE.SILVA
22/05/2026 11:00;JOSE.SILVA
22/05/2026 11:00;JOSE.SILVA
22/05/2026 11:00;JOSE.SILVA
22/05/2026 11:36;JOSE.SILVA
22/05/2026 10:32;JOSE.SILVA
22/05/2026 10:32;JOSE.SILVA
22/05/2026 10:32;JOSE.SILVA
22/05/2026 10:32;JOSE.SILVA
22/05/2026 10:32;JOSE.SILVA
22/05/2026 10:32;JOSE.SILVA
22/05/2026 10:32;JOSE.SILVA
22/05/2026 10:32;JOSE.SILVA
22/05/2026 10:32;JOSE.SILVA
22/05/2026 10:32;JOSE.SILVA
22/05/2026 10:32;JOSE.SILVA
22/05/2026 11:21;JOSE.SILVA
22/05/2026 10:35;JOSE.SILVA
22/05/2026 10:37;JOSE.SILVA
22/05/2026 10:37;JOSE.SILVA
22/05/2026 10:37;JOSE.SILVA
22/05/2026 10:37;JOSE.SILVA
22/05/2026 10:35;JOSE.SILVA
22/05/2026 10:43;JOSE.SILVA
22/05/2026 12:28;JOSE.SILVA
22/05/2026 12:28;JOSE.SILVA
22/05/2026 12:28;JOSE.SILVA
22/05/2026 11:02;JOSE.SILVA
22/05/2026 11:03;JOSE.SILVA
22/05/2026 11:03;JOSE.SILVA
22/05/2026 11:03;JOSE.SILVA
22/05/2026 10:45;JOSE.SILVA
22/05/2026 10:45;JOSE.SILVA
22/05/2026 10:45;JOSE.SILVA
22/05/2026 11:03;JOSE.SILVA
22/05/2026 11:04;JOSE.SILVA
22/05/2026 11:04;JOSE.SILVA
22/05/2026 11:04;JOSE.SILVA
22/05/2026 10:35;JOSE.SILVA
22/05/2026 10:35;JOSE.SILVA
22/05/2026 10:35;JOSE.SILVA
22/05/2026 10:59;JOSE.SILVA
22/05/2026 10:59;JOSE.SILVA
22/05/2026 10:59;JOSE.SILVA
22/05/2026 10:59;JOSE.SILVA
22/05/2026 11:00;JOSE.SILVA
22/05/2026 11:00;JOSE.SILVA
22/05/2026 11:00;JOSE.SILVA
22/05/2026 11:00;JOSE.SILVA
22/05/2026 11:00;JOSE.SILVA
22/05/2026 11:08;JOSE.SILVA
22/05/2026 11:08;JOSE.SILVA
22/05/2026 11:09;JOSE.SILVA
22/05/2026 11:09;JOSE.SILVA
22/05/2026 11:09;JOSE.SILVA
22/05/2026 11:12;JOSE.SILVA
22/05/2026 11:12;JOSE.SILVA
22/05/2026 11:08;JOSE.SILVA
22/05/2026 11:08;JOSE.SILVA
22/05/2026 11:08;JOSE.SILVA
22/05/2026 11:08;JOSE.SILVA
22/05/2026 11:22;JOSE.SILVA
22/05/2026 11:22;JOSE.SILVA
22/05/2026 11:08;JOSE.SILVA
22/05/2026 11:08;JOSE.SILVA
22/05/2026 10:36;JOSE.SILVA
22/05/2026 10:37;JOSE.SILVA
22/05/2026 10:37;JOSE.SILVA
22/05/2026 10:37;JOSE.SILVA
22/05/2026 10:37;JOSE.SILVA
22/05/2026 10:37;JOSE.SILVA
22/05/2026 10:51;JOSE.SILVA
22/05/2026 10:51;JOSE.SILVA
22/05/2026 10:51;JOSE.SILVA
22/05/2026 10:51;JOSE.SILVA
22/05/2026 10:42;JOSE.SILVA
22/05/2026 10:59;JOSE.SILVA
22/05/2026 10:59;JOSE.SILVA
22/05/2026 10:43;JOSE.SILVA
22/05/2026 11:34;JOSE.SILVA
22/05/2026 11:34;JOSE.SILVA
22/05/2026 11:34;JOSE.SILVA
22/05/2026 11:35;JOSE.SILVA
22/05/2026 10:54;JOSE.SILVA
22/05/2026 10:51;JOSE.SILVA
22/05/2026 10:51;JOSE.SILVA
22/05/2026 10:51;JOSE.SILVA
22/05/2026 10:51;JOSE.SILVA
22/05/2026 10:51;JOSE.SILVA
22/05/2026 10:52;JOSE.SILVA
22/05/2026 10:52;JOSE.SILVA
22/05/2026 10:52;JOSE.SILVA
22/05/2026 10:52;JOSE.SILVA
22/05/2026 10:53;JOSE.SILVA
22/05/2026 12:17;JOSE.SILVA
22/05/2026 12:18;JOSE.SILVA
22/05/2026 12:18;JOSE.SILVA
22/05/2026 12:14;JOSE.SILVA
22/05/2026 10:45;JOSE.SILVA
22/05/2026 10:45;JOSE.SILVA
22/05/2026 10:45;JOSE.SILVA
22/05/2026 10:45;JOSE.SILVA
22/05/2026 10:45;JOSE.SILVA
22/05/2026 11:35;JOSE.SILVA
22/05/2026 11:36;JOSE.SILVA
22/05/2026 11:21;JOSE.SILVA
22/05/2026 11:21;JOSE.SILVA
22/05/2026 11:21;JOSE.SILVA
22/05/2026 12:16;JOSE.SILVA
22/05/2026 12:16;JOSE.SILVA
22/05/2026 12:16;JOSE.SILVA
22/05/2026 12:16;JOSE.SILVA
22/05/2026 11:21;JOSE.SILVA
22/05/2026 11:21;JOSE.SILVA
22/05/2026 11:21;JOSE.SILVA
22/05/2026 11:21;JOSE.SILVA
22/05/2026 11:21;JOSE.SILVA
22/05/2026 11:21;JOSE.SILVA
22/05/2026 11:36;JOSE.SILVA
